target,tier,query_class,response_format,concurrency,repetition,requests,rps,window_seconds,coverage,cpu_seconds,cpu_cores,cpu_seconds_per_request,mem_mean_bytes,mem_peak_bytes,api_workers
egernia-local,24b,Q01,csv,32,1,43839,730.175,60.048964,0.943311,335.275706,5.583372,0.007648,2045190144.0,2056114176,4
egernia-local,24b,Q01,csv,32,2,43064,717.368,60.037823,0.943263,337.78507,5.626204,0.007844,2044580181.333333,2045243392,4
egernia-local,24b,Q01,csv,32,3,43238,720.186,60.041961,0.943347,338.195103,5.632646,0.007822,2044681216.0,2045898752,4
egernia-local,24b,Q01,csv,64,1,41213,686.028,60.087636,0.856952,336.228128,5.595629,0.008158,2048185437.090909,2058203136,4
egernia-local,24b,Q01,csv,64,2,41177,685.563,60.062887,0.942425,335.80594,5.590906,0.008155,2047917056.0,2054807552,4
egernia-local,24b,Q01,csv,64,3,41176,685.256,60.10216,0.943042,335.947925,5.589615,0.008159,2047251797.333333,2047967232,4
egernia-local,24b,Q01,csv,8,1,37134,618.738,60.04727,0.94136,230.435122,3.837562,0.006206,2042170026.666667,2042781696,4
egernia-local,24b,Q01,csv,8,2,46155,769.166,60.045357,0.856583,274.091824,4.564746,0.005939,2042076811.636364,2043039744,4
egernia-local,24b,Q01,csv,8,3,44284,737.91,60.046569,0.942408,259.85673,4.327587,0.005868,2042642090.666667,2044223488,4
egernia-local,24b,Q03,csv,32,1,38220,635.849,60.110131,0.856292,387.38634,6.44461,0.010136,1962527278.545455,1964998656,4
egernia-local,24b,Q03,csv,32,2,38286,637.51,60.078259,0.942121,386.305119,6.430032,0.01009,1917854037.333333,1931911168,4
egernia-local,24b,Q03,csv,32,3,37964,632.405,60.039678,0.942785,387.345901,6.451499,0.010203,1849076394.666667,1868783616,4
egernia-local,24b,Q03,csv,64,1,36324,604.577,60.089269,0.856663,386.681295,6.435114,0.010645,1825151906.909091,1831735296,4
egernia-local,24b,Q03,csv,64,2,36248,603.399,60.072893,0.942742,386.273057,6.430072,0.010656,1818581333.333333,1819467776,4
egernia-local,24b,Q03,csv,64,3,36347,604.986,60.116495,0.942061,386.473507,6.428743,0.010633,1816633344.0,1820418048,4
egernia-local,24b,Q03,csv,8,1,36815,613.453,60.023851,0.942441,302.671103,5.042514,0.008221,2042919594.666667,2044633088,4
egernia-local,24b,Q03,csv,8,2,34501,574.941,60.078169,0.941006,280.44634,4.668024,0.008129,2027631274.666667,2054176768,4
egernia-local,24b,Q03,csv,8,3,32129,535.387,60.074476,0.940703,268.960229,4.477113,0.008371,1984165205.333333,1994698752,4
egernia-local,24b,Q04,csv,32,1,33762,562.276,60.046966,0.942702,489.082694,8.145003,0.014486,1806530218.666667,1807724544,4
egernia-local,24b,Q04,csv,32,2,33689,561.132,60.049971,0.943442,489.923707,8.1586,0.014543,1806943573.333333,1807917056,4
egernia-local,24b,Q04,csv,32,3,33517,557.428,60.131608,0.941289,490.97228,8.164962,0.014648,1806813184.0,1807872000,4
egernia-local,24b,Q04,csv,64,1,32314,537.541,60.131909,0.85589,486.181947,8.085257,0.015046,1809584500.363636,1811021824,4
egernia-local,24b,Q04,csv,64,2,32168,535.022,60.135355,0.941392,487.271218,8.102907,0.015148,1809987242.666667,1813118976,4
egernia-local,24b,Q04,csv,64,3,32239,536.563,60.129536,0.855663,487.000397,8.099188,0.015106,1809901754.181818,1811361792,4
egernia-local,24b,Q04,csv,8,1,26043,433.939,60.065835,0.854699,324.422751,5.401119,0.012457,1803943936.0,1805336576,4
egernia-local,24b,Q04,csv,8,2,26143,435.607,60.078399,0.855172,326.234582,5.430148,0.012479,1803829248.0,1805340672,4
egernia-local,24b,Q04,csv,8,3,26664,444.277,60.033954,0.855223,334.875383,5.5781,0.012559,1803882868.363636,1804374016,4
egernia-local,24b,Q10,csv,32,1,22902,381.234,60.103809,0.855795,444.290445,7.392051,0.0194,1812573463.272727,1814548480,4
egernia-local,24b,Q10,csv,32,2,22859,380.502,60.081119,0.941801,446.472296,7.431158,0.019532,1813846016.0,1815363584,4
egernia-local,24b,Q10,csv,32,3,22756,378.912,60.090488,0.942006,446.643163,7.432843,0.019627,1814553258.666667,1816621056,4
egernia-local,24b,Q10,csv,64,1,22296,370.857,60.122269,0.941597,445.44129,7.408923,0.019979,1818551637.333333,1820782592,4
egernia-local,24b,Q10,csv,64,2,22249,370.07,60.120824,0.941339,446.472513,7.426254,0.020067,1820914688.0,1831583744,4
egernia-local,24b,Q10,csv,64,3,22301,370.611,60.195388,0.854662,446.697871,7.420799,0.02003,1821505349.818182,1824542720,4
egernia-local,24b,Q10,csv,8,1,21129,351.965,60.101104,0.940471,371.962698,6.188949,0.017604,1806304597.333333,1807425536,4
egernia-local,24b,Q10,csv,8,2,19909,331.717,60.055086,0.940663,349.057337,5.812286,0.017533,1806356821.333333,1808748544,4
egernia-local,24b,Q10,csv,8,3,21123,351.924,60.064815,0.941076,371.799857,6.189978,0.017602,1806634325.333333,1808142336,4
egernia-local,24b,Q11,csv,32,1,3870,64.134,60.345956,0.936588,426.521265,7.067935,0.110212,1923059712.0,1940230144,4
egernia-local,24b,Q11,csv,32,2,4008,66.328,60.773764,0.929717,432.974586,7.124367,0.108028,1928105301.333333,1946718208,4
egernia-local,24b,Q11,csv,32,3,3916,64.347,60.94102,0.926743,432.103321,7.090517,0.110343,1929253205.333333,1944973312,4
egernia-local,24b,Q11,csv,64,1,4048,66.944,60.632792,0.847936,432.302495,7.129846,0.106794,2020432430.545455,2047369216,4
egernia-local,24b,Q11,csv,64,2,3827,63.267,60.576874,0.847664,405.523942,6.694369,0.105964,2025343906.909091,2059038720,4
egernia-local,24b,Q11,csv,64,3,3932,63.317,62.926411,0.897589,466.26806,7.409735,0.118583,2039473152.0,2073485312,4
egernia-local,24b,Q11,csv,8,1,3383,56.315,60.132479,0.938284,340.407807,5.660964,0.100623,1843165525.333333,1851256832,4
egernia-local,24b,Q11,csv,8,2,3257,54.199,60.186763,0.936891,324.817969,5.396834,0.099729,1845636437.333333,1861705728,4
egernia-local,24b,Q11,csv,8,3,3639,60.503,60.321115,0.93585,367.186778,6.087201,0.100903,1847102122.666667,1857032192,4
egernia-local,24b,Q13,csv,32,1,3246,53.715,60.503551,0.948629,1449.634106,23.959488,0.446591,2076029269.333333,2084564992,4
egernia-local,24b,Q13,csv,32,2,3252,53.887,60.411023,0.949565,1447.707915,23.964301,0.445175,2077736277.333333,2086707200,4
egernia-local,24b,Q13,csv,32,3,3244,53.656,60.481071,0.861572,1448.804465,23.954676,0.446611,2067002461.090909,2077040640,4
egernia-local,24b,Q13,csv,64,1,3269,53.572,61.238901,0.93699,1467.381084,23.961584,0.448878,2074979328.0,2091397120,4
egernia-local,24b,Q13,csv,64,2,3261,53.494,61.218326,0.938376,1467.172209,23.966226,0.449915,2087915520.0,2098745344,4
egernia-local,24b,Q13,csv,64,3,3266,53.732,61.756266,0.930269,1480.019677,23.965498,0.45316,2086276437.333333,2100002816,4
egernia-local,24b,Q13,csv,8,1,2892,48.112,60.200709,0.9408,1240.312654,20.602958,0.428877,1975276885.333333,1981841408,4
egernia-local,24b,Q13,csv,8,2,2897,48.171,60.231087,0.940236,1245.924086,20.685731,0.430074,1974879573.333333,1977774080,4
egernia-local,24b,Q13,csv,8,3,2907,48.335,60.28108,0.939768,1245.623153,20.663584,0.428491,1986971648.0,2000203776,4
egernia-local,24b,mix,csv,32,1,36502,607.992,60.048544,0.857402,398.239561,6.63196,0.01091,2041028235.636364,2042208256,4
egernia-local,24b,mix,csv,32,2,36499,607.885,60.057515,0.943036,400.36917,6.666429,0.010969,2041986730.666667,2053271552,4
egernia-local,24b,mix,csv,32,3,36159,602.063,60.068634,0.942105,382.724103,6.371447,0.010584,2041432746.666667,2042134528,4
egernia-local,24b,mix,csv,64,1,34768,578.534,60.103832,0.941833,397.78942,6.61837,0.011441,2044444330.666667,2045394944,4
egernia-local,24b,mix,csv,64,2,34982,582.124,60.162414,0.940726,398.936812,6.630997,0.011404,2046576981.333333,2052968448,4
egernia-local,24b,mix,csv,64,3,34852,579.987,60.103874,0.856537,397.329099,6.610707,0.0114,2045715921.454545,2047463424,4
egernia-local,24b,mix,csv,8,1,32287,537.973,60.028885,0.941876,290.492887,4.839218,0.008997,1976192341.333333,2012827648,4
egernia-local,24b,mix,csv,8,2,34649,577.359,60.032882,0.941625,313.810928,5.227317,0.009057,2026524672.0,2032357376,4
egernia-local,24b,mix,csv,8,3,21753,362.483,60.044894,0.854925,205.21792,3.417741,0.009434,2037260660.363636,2038206464,4
egernia-local,24b,Q01,votable,32,1,42794,712.715,60.064011,0.857939,340.345377,5.666378,0.007953,1787794897.454545,1789222912,4
egernia-local,24b,Q01,votable,32,2,42791,712.747,60.071082,0.942317,340.460705,5.667631,0.007956,1786144085.333333,1788383232,4
egernia-local,24b,Q01,votable,32,3,42677,710.905,60.053039,0.943248,339.639454,5.655658,0.007958,1785788416.0,1786982400,4
egernia-local,24b,Q01,votable,64,1,40983,682.244,60.071065,0.942821,338.082393,5.628041,0.008249,1788129280.0,1788866560,4
egernia-local,24b,Q01,votable,64,2,40997,682.505,60.100551,0.856119,338.015279,5.624163,0.008245,1788439086.545455,1789149184,4
egernia-local,24b,Q01,votable,64,3,41040,682.77,60.163264,0.941782,338.37896,5.624345,0.008245,1789739349.333333,1790222336,4
egernia-local,24b,Q01,votable,8,1,40363,672.492,60.064474,0.855326,235.337404,3.91808,0.005831,1785519010.909091,1785970688,4
egernia-local,24b,Q01,votable,8,2,36549,609.024,60.028317,0.941669,231.722566,3.860221,0.00634,1786094250.666667,1789624320,4
egernia-local,24b,Q01,votable,8,3,37076,617.816,60.050786,0.941678,231.160711,3.84942,0.006235,1786772138.666667,1797648384,4
egernia-local,24b,Q03,votable,32,1,37519,624.739,60.070779,0.942731,394.833276,6.572801,0.010524,1789980672.0,1791344640,4
egernia-local,24b,Q03,votable,32,2,37320,621.515,60.075464,0.942181,394.735895,6.570667,0.010577,1790993408.0,1792040960,4
egernia-local,24b,Q03,votable,32,3,37388,622.484,60.064598,0.856962,394.122575,6.561645,0.010541,1790866897.454545,1791516672,4
egernia-local,24b,Q03,votable,64,1,35495,590.692,60.108794,0.940967,394.751987,6.567292,0.011121,1795423232.0,1796313088,4
egernia-local,24b,Q03,votable,64,2,35602,592.474,60.096406,0.941993,393.856404,6.553743,0.011063,1796492629.333333,1797910528,4
egernia-local,24b,Q03,votable,64,3,35575,591.527,60.140794,0.855369,394.552817,6.560486,0.011091,1796867537.454545,1798025216,4
egernia-local,24b,Q03,votable,8,1,31376,522.863,60.030864,0.941359,273.990376,4.564158,0.008732,1788056234.666667,1797550080,4
egernia-local,24b,Q03,votable,8,2,22656,377.471,60.032938,0.939888,203.012726,3.381689,0.008961,1787100501.333333,1787830272,4
egernia-local,24b,Q03,votable,8,3,28528,475.366,60.112147,0.940011,249.957093,4.158179,0.008762,1787444906.666667,1788170240,4
egernia-local,24b,Q04,votable,32,1,31816,529.765,60.141721,0.94159,493.94633,8.21304,0.015525,1796875605.333333,1797914624,4
egernia-local,24b,Q04,votable,32,2,31717,528.017,60.095307,0.856603,492.233236,8.190877,0.01552,1798523438.545455,1808445440,4
egernia-local,24b,Q04,votable,32,3,31708,528.107,60.052819,0.942954,494.453275,8.23364,0.015594,1797805738.666667,1798758400,4
egernia-local,24b,Q04,votable,64,1,30818,512.382,60.214554,0.940283,491.320197,8.159492,0.015943,1803226453.333333,1804247040,4
egernia-local,24b,Q04,votable,64,2,30649,509.867,60.179487,0.940525,492.188199,8.178671,0.016059,1805565269.333333,1807085568,4
egernia-local,24b,Q04,votable,64,3,30433,506.398,60.11004,0.942287,491.051082,8.169202,0.016135,1807591082.666667,1817628672,4
egernia-local,24b,Q04,votable,8,1,18998,316.527,60.071656,0.939004,259.822248,4.325205,0.013676,1795165525.333333,1795981312,4
egernia-local,24b,Q04,votable,8,2,22110,368.349,60.037832,0.940426,299.873763,4.994747,0.013563,1795249152.0,1806274560,4
egernia-local,24b,Q04,votable,8,3,21250,354.109,60.073263,0.939882,284.702798,4.73926,0.013398,1793932629.333333,1794908160,4
egernia-local,24b,Q10,votable,32,1,21074,350.83,60.092497,0.941623,479.378826,7.977349,0.022747,1829703338.666667,1842335744,4
egernia-local,24b,Q10,votable,32,2,21067,350.637,60.116728,0.940569,478.44564,7.958611,0.022711,1821120853.333333,1825570816,4
egernia-local,24b,Q10,votable,32,3,21001,349.631,60.130983,0.941243,480.318504,7.98787,0.022871,1786056021.333333,1814282240,4
egernia-local,24b,Q10,votable,64,1,20673,343.932,60.121099,0.855237,477.658555,7.94494,0.023105,1775758615.272727,1780678656,4
egernia-local,24b,Q10,votable,64,2,20675,343.815,60.172646,0.94056,478.361886,7.949823,0.023137,1761187498.666667,1776574464,4
egernia-local,24b,Q10,votable,64,3,20707,344.145,60.198701,0.939674,478.611,7.95052,0.023113,1722458794.666667,1729773568,4
egernia-local,24b,Q10,votable,8,1,15881,264.535,60.039303,0.854378,321.166857,5.349277,0.020223,1806867735.272727,1808527360,4
egernia-local,24b,Q10,votable,8,2,15828,263.721,60.068193,0.939371,321.699217,5.355567,0.020325,1809680384.0,1820205056,4
egernia-local,24b,Q10,votable,8,3,18765,312.645,60.049477,0.940746,389.219888,6.481653,0.020742,1809686869.333333,1810534400,4
egernia-local,24b,Q11,votable,32,1,3263,54.031,60.443496,0.935483,452.640024,7.488647,0.138719,1812316842.666667,1828364288,4
egernia-local,24b,Q11,votable,32,2,3454,56.837,61.248925,0.922571,504.027173,8.229159,0.145926,1816931328.0,1828945920,4
egernia-local,24b,Q11,votable,32,3,3445,57.126,60.395701,0.935814,479.132326,7.933219,0.139081,1819722410.666667,1829113856,4
egernia-local,24b,Q11,votable,64,1,3131,50.472,62.688979,0.902058,459.437938,7.328847,0.146738,1921236992.0,1955627008,4
egernia-local,24b,Q11,votable,64,2,3128,51.688,60.549023,0.848506,421.234496,6.956916,0.134666,1959943819.636364,2021089280,4
egernia-local,24b,Q11,votable,64,3,3128,51.526,61.495499,0.919765,441.709121,7.182788,0.141211,1971505834.666667,2015387648,4
egernia-local,24b,Q11,votable,8,1,2523,41.972,60.239514,0.8512,321.453831,5.336262,0.127409,1710014091.636364,1717141504,4
egernia-local,24b,Q11,votable,8,2,2604,43.306,60.200399,0.851698,333.208233,5.534984,0.12796,1714980677.818182,1725231104,4
egernia-local,24b,Q11,votable,8,3,2740,45.6,60.117332,0.937944,356.541959,5.930768,0.130125,1713706666.666667,1722294272,4
egernia-local,24b,Q13,votable,32,1,3226,53.486,60.421289,0.862701,1447.629835,23.958937,0.448738,1963346106.181818,1973374976,4
egernia-local,24b,Q13,votable,32,2,3233,53.622,60.505224,0.860775,1450.176329,23.967787,0.448554,1963125666.909091,1971331072,4
egernia-local,24b,Q13,votable,32,3,3227,53.295,60.658101,0.942487,1452.73584,23.949577,0.450182,1939239594.666667,1950957568,4
egernia-local,24b,Q13,votable,64,1,3240,53.073,61.091872,0.94055,1464.273144,23.968379,0.451936,1981486762.666667,1993756672,4
egernia-local,24b,Q13,votable,64,2,3249,53.258,61.199465,0.938063,1466.609275,23.964414,0.451403,1978622976.0,1989545984,4
egernia-local,24b,Q13,votable,64,3,3256,53.244,61.247744,0.937675,1467.172332,23.954716,0.450606,1981080576.0,1989656576,4
egernia-local,24b,Q13,votable,8,1,2898,48.164,60.181411,0.855172,1246.511736,20.712571,0.430128,1876021992.727273,1881513984,4
egernia-local,24b,Q13,votable,8,2,2876,47.826,60.174276,0.855463,1241.468318,20.631213,0.431665,1875809000.727273,1879396352,4
egernia-local,24b,Q13,votable,8,3,2890,48.038,60.29803,0.853821,1241.739594,20.593369,0.429668,1878138880.0,1882632192,4
egernia-local,24b,mix,votable,32,1,35156,585.519,60.083597,0.941663,410.091438,6.825348,0.011665,1680228010.666667,1690632192,4
egernia-local,24b,mix,votable,32,2,35544,591.807,60.090557,0.855812,408.417174,6.796695,0.01149,1699922292.363636,1701244928,4
egernia-local,24b,mix,votable,32,3,35347,588.633,60.073212,0.941642,409.055342,6.80928,0.011573,1705360384.0,1706819584,4
egernia-local,24b,mix,votable,64,1,33719,560.86,60.153351,0.941468,407.260475,6.770371,0.012078,1756596565.333333,1763704832,4
egernia-local,24b,mix,votable,64,2,33781,561.916,60.134957,0.856081,407.700434,6.779758,0.012069,1778000989.090909,1788538880,4
egernia-local,24b,mix,votable,64,3,33760,561.394,60.164545,0.940795,406.411774,6.755005,0.012038,1788742656.0,1790414848,4
egernia-local,24b,mix,votable,8,1,30027,500.325,60.038536,0.934947,292.50659,4.871981,0.009741,1484980906.666667,1490448384,4
egernia-local,24b,mix,votable,8,2,29783,496.267,60.038029,0.935175,290.355603,4.836195,0.009749,1497657344.0,1502687232,4
egernia-local,24b,mix,votable,8,3,34368,572.695,60.029597,0.85139,328.370734,5.470147,0.009555,1499518045.090909,1500438528,4
egernia-local,24r,Q01,csv,32,1,67072,1116.983,60.050549,0.886457,436.582981,7.270258,0.006509,1803127714.909091,1804001280,8
egernia-local,24r,Q01,csv,32,2,70023,1166.386,60.06797,0.9782,475.228845,7.911518,0.006787,1804343978.666667,1815203840,8
egernia-local,24r,Q01,csv,32,3,61512,1024.771,60.031207,0.887775,425.191106,7.082835,0.006912,1803809512.727273,1805570048,8
egernia-local,24r,Q01,csv,64,1,71567,1191.897,60.046794,0.892919,546.312099,9.098106,0.007634,1805962146.909091,1807159296,8
egernia-local,24r,Q01,csv,64,2,71562,1191.928,60.040341,0.893546,546.610509,9.104054,0.007638,1805924910.545455,1807347712,8
egernia-local,24r,Q01,csv,64,3,71643,1193.107,60.055009,0.894939,543.144615,9.044118,0.007581,1806240674.909091,1806778368,8
egernia-local,24r,Q01,csv,8,1,51418,856.91,60.043828,0.883284,256.045521,4.26431,0.00498,1802768384.0,1809907712,8
egernia-local,24r,Q01,csv,8,2,34432,573.688,60.072453,0.9644,180.276215,3.00098,0.005236,1801449472.0,1802031104,8
egernia-local,24r,Q01,csv,8,3,34867,580.981,60.098138,0.877825,181.898649,3.026694,0.005217,1801869125.818182,1802854400,8
egernia-local,24r,Q03,csv,32,1,52102,867.91,60.067099,0.885618,378.939025,6.308595,0.007273,1805647499.636364,1806831616,8
egernia-local,24r,Q03,csv,32,2,51142,851.806,60.090209,0.88553,373.250817,6.211508,0.007298,1808330379.636364,1819574272,8
egernia-local,24r,Q03,csv,32,3,52889,881.002,60.033156,0.887075,382.643401,6.373868,0.007235,1806191150.545455,1808084992,8
egernia-local,24r,Q03,csv,64,1,59799,995.327,60.087475,0.978961,473.608519,7.881984,0.00792,1809983829.333333,1822715904,8
egernia-local,24r,Q03,csv,64,2,62092,1033.997,60.06302,0.894147,507.71522,8.453042,0.008177,1810616320.0,1820078080,8
egernia-local,24r,Q03,csv,64,3,62108,1033.735,60.136402,0.891435,497.234084,8.268438,0.008006,1811390464.0,1818447872,8
egernia-local,24r,Q03,csv,8,1,38925,648.626,60.015493,0.882439,223.203777,3.719103,0.005734,1803961064.727273,1804820480,8
egernia-local,24r,Q03,csv,8,2,23003,382.952,60.073839,0.96452,143.149391,2.382891,0.006223,1803990698.666667,1804582912,8
egernia-local,24r,Q03,csv,8,3,36536,608.859,60.029218,0.96928,212.686109,3.543043,0.005821,1804337834.666667,1805266944,8
egernia-local,24r,Q04,csv,32,1,45351,755.428,60.038981,0.887796,364.41931,6.069712,0.008036,1811402379.636364,1812054016,8
egernia-local,24r,Q04,csv,32,2,45937,764.956,60.053424,0.888017,366.091735,6.096101,0.007969,1812115083.636364,1820590080,8
egernia-local,24r,Q04,csv,32,3,42582,709.084,60.08346,0.973643,338.563143,5.634881,0.007951,1811694592.0,1812754432,8
egernia-local,24r,Q04,csv,64,1,51107,850.717,60.082525,0.980921,447.864952,7.454163,0.008763,1815304533.333333,1828352000,8
egernia-local,24r,Q04,csv,64,2,51185,851.905,60.121172,0.891736,451.43803,7.508803,0.00882,1815458164.363636,1822830592,8
egernia-local,24r,Q04,csv,64,3,50965,848.483,60.092998,0.894407,445.272901,7.40973,0.008737,1815643601.454545,1817817088,8
egernia-local,24r,Q04,csv,8,1,27406,456.62,60.054281,0.879362,178.475193,2.971898,0.006512,1808857274.181818,1809457152,8
egernia-local,24r,Q04,csv,8,2,26154,435.763,60.077271,0.966008,171.170013,2.849164,0.006545,1808922282.666667,1810243584,8
egernia-local,24r,Q04,csv,8,3,25626,427.02,60.090203,0.877673,169.764477,2.825161,0.006625,1809127237.818182,1810206720,8
egernia-local,24r,Q10,csv,32,1,32396,539.41,60.097853,0.885629,390.267445,6.493867,0.012047,1818839970.909091,1819885568,8
egernia-local,24r,Q10,csv,32,2,32458,540.287,60.0759,0.886689,389.997798,6.491751,0.012015,1821053672.727273,1823772672,8
egernia-local,24r,Q10,csv,32,3,31955,531.598,60.111027,0.88641,386.305972,6.426541,0.012089,1824112267.636364,1833529344,8
egernia-local,24r,Q10,csv,64,1,35689,594.147,60.067452,0.893748,463.026635,7.708445,0.012974,1830630865.454545,1842671616,8
egernia-local,24r,Q10,csv,64,2,35452,589.623,60.236434,0.889004,451.91287,7.502318,0.012747,1832418210.909091,1834545152,8
egernia-local,24r,Q10,csv,64,3,35279,587.03,60.154974,0.889549,451.476428,7.505222,0.012797,1833739729.454545,1834700800,8
egernia-local,24r,Q10,csv,8,1,16767,279.308,60.037587,0.964934,172.268869,2.86935,0.010274,1812070741.333333,1813008384,8
egernia-local,24r,Q10,csv,8,2,16729,278.696,60.044254,0.965451,172.508369,2.87302,0.010312,1813515605.333333,1815216128,8
egernia-local,24r,Q10,csv,8,3,13424,223.598,60.055773,0.876743,140.917113,2.346437,0.010497,1813443677.090909,1814581248,8
egernia-local,24r,Q11,csv,32,1,3474,57.709,60.290442,0.873323,198.620446,3.294394,0.057173,1939663778.909091,1957679104,8
egernia-local,24r,Q11,csv,32,2,3754,62.098,60.4643,0.960742,234.883819,3.884669,0.062569,1943714133.333333,1955045376,8
egernia-local,24r,Q11,csv,32,3,4046,66.832,60.546193,0.958863,257.051851,4.245549,0.063532,1950418602.666667,1960128512,8
egernia-local,24r,Q11,csv,64,1,2677,44.297,60.602807,0.867464,161.542458,2.665594,0.060345,2035262184.727273,2040610816,8
egernia-local,24r,Q11,csv,64,2,3236,52.95,61.367858,0.944254,213.045305,3.471611,0.065836,2018715648.0,2028781568,8
egernia-local,24r,Q11,csv,64,3,2803,45.041,62.837229,0.922228,195.457142,3.110531,0.069731,2036387498.666667,2050383872,8
egernia-local,24r,Q11,csv,8,1,3319,55.206,60.119889,0.874019,175.59689,2.920779,0.052907,1854619648.0,1861632000,8
egernia-local,24r,Q11,csv,8,2,3647,60.598,60.223235,0.96076,193.54445,3.213784,0.053069,1859889834.666667,1864728576,8
egernia-local,24r,Q11,csv,8,3,3418,56.891,60.292101,0.871533,185.293947,3.073271,0.054211,1860351813.818182,1866768384,8
egernia-local,24r,Q13,csv,32,1,3339,55.294,60.481925,0.972524,39.037397,0.645439,0.011691,1901368320.0,1903992832,8
egernia-local,24r,Q13,csv,32,2,3345,55.262,60.665357,0.877428,38.3827,0.632696,0.011475,1901183720.727273,1901338624,8
egernia-local,24r,Q13,csv,32,3,3320,54.933,60.49748,0.97249,38.594352,0.63795,0.011625,1901559808.0,1901875200,8
egernia-local,24r,Q13,csv,64,1,3331,54.743,61.09937,0.884082,47.867927,0.783444,0.01437,1904098955.636364,1904951296,8
egernia-local,24r,Q13,csv,64,2,3331,54.657,61.059679,0.88519,48.309099,0.791178,0.014503,1906962804.363636,1914347520,8
egernia-local,24r,Q13,csv,64,3,3333,54.642,61.069858,0.975018,48.183678,0.788993,0.014457,1908621994.666667,1918119936,8
egernia-local,24r,Q13,csv,8,1,3061,50.875,60.228331,0.96396,26.900191,0.446637,0.008788,1900446037.333333,1903763456,8
egernia-local,24r,Q13,csv,8,2,3051,50.734,60.274229,0.875696,26.241548,0.435369,0.008601,1899826082.909091,1900929024,8
egernia-local,24r,Q13,csv,8,3,3065,50.994,60.24509,0.876782,26.51297,0.440085,0.00865,1899697617.454545,1899868160,8
egernia-local,24r,mix,csv,32,1,49356,821.979,60.106504,0.883585,380.698696,6.333735,0.007713,1795458513.454545,1796677632,8
egernia-local,24r,mix,csv,32,2,47605,792.818,60.062844,0.884875,367.402941,6.116975,0.007718,1796273617.454545,1797234688,8
egernia-local,24r,mix,csv,32,3,54326,904.907,60.088508,0.975888,417.002218,6.9398,0.007676,1797080064.0,1798074368,8
egernia-local,24r,mix,csv,64,1,59240,986.273,60.119446,0.894137,506.68673,8.428001,0.008553,1802785140.363636,1814294528,8
egernia-local,24r,mix,csv,64,2,58163,968.582,60.134567,0.889851,486.187629,8.084994,0.008359,1803421882.181818,1807908864,8
egernia-local,24r,mix,csv,64,3,59065,983.551,60.081099,0.891292,494.225142,8.225967,0.008367,1804926603.636364,1813024768,8
egernia-local,24r,mix,csv,8,1,29924,498.672,60.023957,0.96618,176.899991,2.947156,0.005912,1790713173.333333,1791414272,8
egernia-local,24r,mix,csv,8,2,32987,549.642,60.06121,0.967782,201.693457,3.358132,0.006114,1790747989.333333,1794019328,8
egernia-local,24r,mix,csv,8,3,32989,549.71,60.090323,0.879138,201.799092,3.358263,0.006117,1791140957.090909,1800081408,8
egernia-local,24r,Q01,votable,32,1,74315,1238.23,60.037136,0.891074,500.828093,8.341972,0.006739,1547836695.272727,1549864960,8
egernia-local,24r,Q01,votable,32,2,73973,1232.281,60.037784,0.979749,489.271381,8.149391,0.006614,1544078677.333333,1544609792,8
egernia-local,24r,Q01,votable,32,3,67825,1129.603,60.111284,0.886071,437.322059,7.275207,0.006448,1544849221.818182,1546039296,8
egernia-local,24r,Q01,votable,64,1,71260,1186.723,60.052568,0.891173,543.770673,9.054911,0.007631,1549301201.454545,1550016512,8
egernia-local,24r,Q01,votable,64,2,65652,1092.413,60.134899,0.886329,483.416442,8.038867,0.007363,1550718045.090909,1551433728,8
egernia-local,24r,Q01,votable,64,3,70837,1179.353,60.069508,0.892465,544.91561,9.071418,0.007693,1550988753.454545,1551884288,8
egernia-local,24r,Q01,votable,8,1,45427,757.055,60.089382,0.880963,237.194922,3.947368,0.005221,1549256145.454545,1557864448,8
egernia-local,24r,Q01,votable,8,2,34818,580.162,60.050566,0.879339,187.083646,3.115435,0.005373,1548738187.636364,1549131776,8
egernia-local,24r,Q01,votable,8,3,42936,715.521,60.026055,0.882181,218.658423,3.642725,0.005093,1549412165.818182,1560023040,8
egernia-local,24r,Q03,votable,32,1,57181,952.391,60.093597,0.974425,417.00135,6.939198,0.007293,1551350101.333333,1551937536,8
egernia-local,24r,Q03,votable,32,2,59881,997.399,60.063068,0.888239,446.438298,7.432825,0.007455,1552000837.818182,1552936960,8
egernia-local,24r,Q03,votable,32,3,55066,917.31,60.030111,0.97485,413.091997,6.881413,0.007502,1552304128.0,1553330176,8
egernia-local,24r,Q03,votable,64,1,60766,1011.79,60.061316,0.893412,497.216606,8.278483,0.008182,1556049175.272727,1557950464,8
egernia-local,24r,Q03,votable,64,2,60948,1014.882,60.082382,0.89068,496.051337,8.256186,0.008139,1557544215.272727,1558392832,8
egernia-local,24r,Q03,votable,64,3,55196,919.23,60.047553,0.890389,458.266617,7.631728,0.008303,1559181498.181818,1560240128,8
egernia-local,24r,Q03,votable,8,1,33243,553.962,60.050717,0.879136,195.011064,3.247439,0.005866,1551066205.090909,1558188032,8
egernia-local,24r,Q03,votable,8,2,37497,624.795,60.075736,0.879096,218.924336,3.644139,0.005838,1549589783.272727,1550217216,8
egernia-local,24r,Q03,votable,8,3,33711,561.694,60.027269,0.878085,199.06841,3.3163,0.005905,1548533760.0,1549377536,8
egernia-local,24r,Q04,votable,32,1,43780,729.165,60.042572,0.977009,367.304377,6.117399,0.00839,1558733482.666667,1559486464,8
egernia-local,24r,Q04,votable,32,2,41874,697.434,60.065685,0.887447,352.622675,5.870618,0.008421,1559549021.090909,1562533888,8
egernia-local,24r,Q04,votable,32,3,42519,708.154,60.052163,0.886781,356.656141,5.939106,0.008388,1560497058.909091,1561374720,8
egernia-local,24r,Q04,votable,64,1,48165,801.527,60.134697,0.893022,448.536043,7.458856,0.009312,1565033565.090909,1566441472,8
egernia-local,24r,Q04,votable,64,2,48101,800.57,60.092256,0.894064,448.665705,7.466282,0.009328,1565980485.818182,1567477760,8
egernia-local,24r,Q04,votable,64,3,47351,787.833,60.139671,0.980698,433.278999,7.204546,0.00915,1568322560.0,1569497088,8
egernia-local,24r,Q04,votable,8,1,26330,438.73,60.064913,0.879582,185.981684,3.096345,0.007063,1556077102.545455,1557233664,8
egernia-local,24r,Q04,votable,8,2,26059,434.202,60.044641,0.878415,184.498476,3.072688,0.00708,1556498618.181818,1557147648,8
egernia-local,24r,Q04,votable,8,3,19040,317.188,60.049793,0.963846,129.975219,2.164457,0.006826,1556144810.666667,1556819968,8
egernia-local,24r,Q10,votable,32,1,32649,543.622,60.069489,0.890345,434.375515,7.231217,0.013304,1591474734.545455,1600458752,8
egernia-local,24r,Q10,votable,32,2,28709,478.109,60.080124,0.885286,377.658523,6.285915,0.013155,1596248436.363636,1598558208,8
egernia-local,24r,Q10,votable,32,3,29280,487.447,60.070833,0.88687,381.313633,6.347733,0.013023,1599450391.272727,1601495040,8
egernia-local,24r,Q10,votable,64,1,32204,535.899,60.123148,0.893912,447.065574,7.435831,0.013882,1635275124.363636,1647575040,8
egernia-local,24r,Q10,votable,64,2,32255,536.501,60.135108,0.893067,451.981748,7.516104,0.014013,1648952785.454545,1653178368,8
egernia-local,24r,Q10,votable,64,3,32196,535.477,60.162033,0.981485,448.172975,7.449432,0.01392,1666498901.333333,1670205440,8
egernia-local,24r,Q10,votable,8,1,12370,206.027,60.067857,0.87563,140.722107,2.342719,0.011376,1569447563.636364,1570353152,8
egernia-local,24r,Q10,votable,8,2,15156,252.525,60.060885,0.964645,170.163376,2.833181,0.011227,1570541226.666667,1571938304,8
egernia-local,24r,Q10,votable,8,3,20936,348.804,60.095416,0.966903,237.710777,3.955556,0.011354,1572983466.666667,1574051840,8
egernia-local,24r,Q11,votable,32,1,3135,51.758,60.630878,0.87032,237.90494,3.923825,0.075887,1808495709.090909,1824550912,8
egernia-local,24r,Q11,votable,32,2,2773,45.965,60.393249,0.959265,189.84941,3.143554,0.068464,1815392256.0,1825280000,8
egernia-local,24r,Q11,votable,32,3,2977,49.091,60.828371,0.867472,210.081959,3.453684,0.070568,1818745390.545455,1841754112,8
egernia-local,24r,Q11,votable,64,1,2396,39.052,61.768818,0.856223,178.289744,2.886404,0.074411,1917510004.363636,1930821632,8
egernia-local,24r,Q11,votable,64,2,2183,34.025,64.414908,0.98103,167.141073,2.594758,0.076565,1945854267.076923,1973268480,8
egernia-local,24r,Q11,votable,64,3,2264,37.248,61.090117,0.861376,156.226473,2.557312,0.069005,1971745885.090909,1985658880,8
egernia-local,24r,Q11,votable,8,1,2562,42.578,60.251648,0.960315,156.313178,2.594339,0.061012,1700543488.0,1709584384,8
egernia-local,24r,Q11,votable,8,2,2603,43.283,60.209019,0.960945,160.31904,2.662708,0.06159,1702082901.333333,1714642944,8
egernia-local,24r,Q11,votable,8,3,2674,44.44,60.255361,0.873631,168.364889,2.794189,0.062964,1704442786.909091,1711710208,8
egernia-local,24r,Q13,votable,32,1,3335,55.198,60.495251,0.971847,39.042188,0.645376,0.011707,1787765760.0,1789046784,8
egernia-local,24r,Q13,votable,32,2,3353,55.523,60.706647,0.878786,38.811584,0.63933,0.011575,1788089437.090909,1788461056,8
egernia-local,24r,Q13,votable,32,3,3337,55.257,60.406998,0.975435,38.898935,0.643947,0.011657,1788333738.666667,1788628992,8
egernia-local,24r,Q13,votable,64,1,3321,54.576,60.861745,0.890985,48.348281,0.794395,0.014558,1791415389.090909,1791868928,8
egernia-local,24r,Q13,votable,64,2,3341,54.924,60.85038,0.888441,48.295354,0.793674,0.014455,1791722216.727273,1792122880,8
egernia-local,24r,Q13,votable,64,3,3308,54.518,60.68388,0.894493,49.065796,0.808547,0.014832,1792526894.545455,1799675904,8
egernia-local,24r,Q13,votable,8,1,3061,50.891,60.243748,0.963893,26.806189,0.444962,0.008757,1787133952.0,1797881856,8
egernia-local,24r,Q13,votable,8,2,3052,50.766,60.195669,0.877288,26.876611,0.446487,0.008806,1786306187.636364,1788420096,8
egernia-local,24r,Q13,votable,8,3,3064,50.937,60.318887,0.87487,26.61276,0.441201,0.008686,1786027659.636364,1786535936,8
egernia-local,24r,mix,votable,32,1,48647,810.204,60.081801,0.879275,378.306315,6.296521,0.007777,1475045189.818182,1477062656,8
egernia-local,24r,mix,votable,32,2,51853,863.599,60.057163,0.884606,402.33668,6.699229,0.007759,1494282612.363636,1496657920,8
egernia-local,24r,mix,votable,32,3,51314,854.897,60.02982,0.886809,403.839077,6.727308,0.00787,1503209658.181818,1505419264,8
egernia-local,24r,mix,votable,64,1,57319,954.221,60.07093,0.893502,503.694569,8.384997,0.008788,1513714781.090909,1516400640,8
egernia-local,24r,mix,votable,64,2,57581,958.737,60.082748,0.895359,493.79012,8.218501,0.008576,1531933789.090909,1534418944,8
egernia-local,24r,mix,votable,64,3,57369,955.301,60.064116,0.895819,502.865097,8.372138,0.008765,1549990074.181818,1557192704,8
egernia-local,24r,mix,votable,8,1,34685,577.983,60.038944,0.867675,218.519467,3.639629,0.0063,1428994606.545455,1429909504,8
egernia-local,24r,mix,votable,8,2,35027,583.668,60.053816,0.868864,219.646166,3.657489,0.006271,1438221032.727273,1439358976,8
egernia-local,24r,mix,votable,8,3,36885,614.625,60.091631,0.869823,228.579017,3.803841,0.006197,1446631237.818182,1456615424,8
egernia-local,24w,mix,csv,32,1,53194,886.137,60.110479,0.956084,577.823055,9.612684,0.010863,2564055381.333333,2567118848,8
egernia-local,24w,mix,csv,32,2,48754,812.03,60.041472,0.867685,517.034514,8.61129,0.010605,2563343453.090909,2571964416,8
egernia-local,24w,mix,csv,32,3,54762,912.139,60.041201,0.957827,589.435681,9.817187,0.010764,2563222869.333333,2565660672,8
egernia-local,24w,mix,csv,64,1,58299,970.318,60.095128,0.958232,667.641935,11.109752,0.011452,2573349546.666667,2583437312,8
egernia-local,24w,mix,csv,64,2,59879,997.081,60.068089,0.875525,715.036368,11.903764,0.011941,2612211339.636364,2614263808,8
egernia-local,24w,mix,csv,64,3,56537,941.114,60.09263,0.873908,657.234172,10.937018,0.011625,2658212398.545455,2663047168,8
egernia-local,24w,mix,csv,8,1,35032,583.785,60.070056,0.864451,314.208941,5.230708,0.008969,2560455773.090909,2562359296,8
egernia-local,24w,mix,csv,8,2,34895,581.455,60.044188,0.951337,314.090859,5.230995,0.009001,2561197056.0,2561937408,8
egernia-local,24w,mix,csv,8,3,35238,587.214,60.044331,0.951361,310.251148,5.167035,0.008804,2562590720.0,2572890112,8
egernia-local,24w,mix,votable,32,1,48236,803.305,60.075213,0.948282,557.102613,9.273419,0.01155,2239814314.666667,2261037056,8
egernia-local,24w,mix,votable,32,2,53673,894.11,60.042576,0.951464,618.236646,10.296638,0.011519,2328350720.0,2332880896,8
egernia-local,24w,mix,votable,32,3,50832,846.73,60.087364,0.864245,582.011823,9.686093,0.01145,2350942394.181818,2355818496,8
egernia-local,24w,mix,votable,64,1,56104,934.129,60.068676,0.871969,693.526482,11.54556,0.012361,2468646539.636364,2476371968,8
egernia-local,24w,mix,votable,64,2,57975,965.271,60.065596,0.962112,723.422512,12.043875,0.012478,2524061013.333333,2535165952,8
egernia-local,24w,mix,votable,64,3,54379,905.296,60.090802,0.958039,663.657574,11.044246,0.012204,2556933461.333333,2559864832,8
egernia-local,24w,mix,votable,8,1,32187,536.324,60.054331,0.939706,302.789567,5.041927,0.009407,2046475264.0,2052452352,8
egernia-local,24w,mix,votable,8,2,21784,362.952,60.069293,0.939082,216.063751,3.596909,0.009918,2059434325.333333,2062176256,8
egernia-local,24w,mix,votable,8,3,32615,543.497,60.066018,0.940671,310.087504,5.162445,0.009508,2089640277.333333,2090844160,8
