target,server,query_class,response_format,concurrency,repetition,requests,error_fraction,rps,latency_p50_s,latency_p95_s,ttfb_p95_s,mean_response_bytes,generator_cpu_peak,generator_guard_ok,tier
egernia-local,egernia,Q01,csv,32,1,43839,0.0,730.175,0.032194,0.096548,0.092083,1835.0,0.385,True,24b
egernia-local,egernia,Q01,csv,32,2,43064,0.0,717.368,0.044332,0.062042,0.059058,1835.0,0.29,True,24b
egernia-local,egernia,Q01,csv,32,3,43238,0.0,720.186,0.045148,0.066039,0.06273,1835.0,0.305,True,24b
egernia-local,egernia,Q01,csv,64,1,41213,0.0,686.028,0.094159,0.130942,0.126269,1835.0,0.29,True,24b
egernia-local,egernia,Q01,csv,64,2,41177,0.0,685.563,0.091702,0.125475,0.120706,1835.0,0.255,True,24b
egernia-local,egernia,Q01,csv,64,3,41176,0.0,685.256,0.080453,0.156904,0.152024,1835.0,0.29,True,24b
egernia-local,egernia,Q01,csv,8,1,37134,0.0,618.738,0.010393,0.022178,0.021062,1835.0,0.275,True,24b
egernia-local,egernia,Q01,csv,8,2,46155,0.0,769.166,0.009903,0.016144,0.015181,1835.0,0.355,True,24b
egernia-local,egernia,Q01,csv,8,3,44284,0.0,737.91,0.012072,0.016812,0.015838,1835.0,0.385,True,24b
egernia-local,egernia,Q03,csv,32,1,38220,0.0,635.849,0.045982,0.087672,0.083491,25665.3,0.28,True,24b
egernia-local,egernia,Q03,csv,32,2,38286,0.0,637.51,0.053081,0.077658,0.073979,25595.8,0.3,True,24b
egernia-local,egernia,Q03,csv,32,3,37964,0.0,632.405,0.04924,0.073465,0.06993,25661.8,0.275,True,24b
egernia-local,egernia,Q03,csv,64,1,36324,0.0,604.577,0.100768,0.156383,0.151442,25664.4,0.255,True,24b
egernia-local,egernia,Q03,csv,64,2,36248,0.0,603.399,0.10428,0.135697,0.13057,25662.8,0.235,True,24b
egernia-local,egernia,Q03,csv,64,3,36347,0.0,604.986,0.10361,0.150033,0.144711,25637.8,0.28,True,24b
egernia-local,egernia,Q03,csv,8,1,36815,0.0,613.453,0.012423,0.01937,0.018272,25657.5,0.325,True,24b
egernia-local,egernia,Q03,csv,8,2,34501,0.0,574.941,0.011389,0.025467,0.024166,25577.8,0.355,True,24b
egernia-local,egernia,Q03,csv,8,3,32129,0.0,535.387,0.014827,0.020165,0.019048,25645.6,0.285,True,24b
egernia-local,egernia,Q04,csv,32,1,33762,0.0,562.276,0.052002,0.091128,0.086843,59775.4,0.255,True,24b
egernia-local,egernia,Q04,csv,32,2,33689,0.0,561.132,0.055045,0.083782,0.080011,59779.8,0.265,True,24b
egernia-local,egernia,Q04,csv,32,3,33517,0.0,557.428,0.056184,0.076742,0.073128,59781.1,0.225,True,24b
egernia-local,egernia,Q04,csv,64,1,32314,0.0,537.541,0.128447,0.184514,0.178981,59777.4,0.255,True,24b
egernia-local,egernia,Q04,csv,64,2,32168,0.0,535.022,0.114233,0.176367,0.171147,59781.9,0.23,True,24b
egernia-local,egernia,Q04,csv,64,3,32239,0.0,536.563,0.114817,0.16735,0.161923,59780.0,0.22,True,24b
egernia-local,egernia,Q04,csv,8,1,26043,0.0,433.939,0.016217,0.029212,0.02768,59775.2,0.285,True,24b
egernia-local,egernia,Q04,csv,8,2,26143,0.0,435.607,0.016161,0.029203,0.027693,59780.0,0.255,True,24b
egernia-local,egernia,Q04,csv,8,3,26664,0.0,444.277,0.018296,0.02468,0.023483,59781.7,0.245,True,24b
egernia-local,egernia,Q10,csv,32,1,22902,0.0,381.234,0.083016,0.156463,0.126935,298273.8,0.325,True,24b
egernia-local,egernia,Q10,csv,32,2,22859,0.0,380.502,0.087716,0.131885,0.107939,298285.9,0.24,True,24b
egernia-local,egernia,Q10,csv,32,3,22756,0.0,378.912,0.086518,0.122818,0.10106,298310.1,0.28,True,24b
egernia-local,egernia,Q10,csv,64,1,22296,0.0,370.857,0.17132,0.223192,0.185332,298266.6,0.22,True,24b
egernia-local,egernia,Q10,csv,64,2,22249,0.0,370.07,0.169848,0.238117,0.200395,298300.3,0.245,True,24b
egernia-local,egernia,Q10,csv,64,3,22301,0.0,370.611,0.162897,0.273748,0.235793,298327.0,0.28,True,24b
egernia-local,egernia,Q10,csv,8,1,21129,0.0,351.965,0.021471,0.033213,0.02886,298254.8,0.25,True,24b
egernia-local,egernia,Q10,csv,8,2,19909,0.0,331.717,0.025564,0.035178,0.030588,298264.7,0.27,True,24b
egernia-local,egernia,Q10,csv,8,3,21123,0.0,351.924,0.021501,0.033165,0.028751,298301.6,0.3,True,24b
egernia-local,egernia,Q11,csv,32,1,3870,0.0,64.134,0.440043,0.980729,0.90212,2994445.4,0.215,True,24b
egernia-local,egernia,Q11,csv,32,2,4008,0.0,66.328,0.476804,0.914374,0.835312,2993644.9,0.25,True,24b
egernia-local,egernia,Q11,csv,32,3,3916,0.0,64.347,0.402899,1.008495,0.907755,2992808.9,0.205,True,24b
egernia-local,egernia,Q11,csv,64,1,4048,0.0,66.944,1.001199,1.980354,1.834072,2994615.9,0.295,True,24b
egernia-local,egernia,Q11,csv,64,2,3827,0.0,63.267,0.936471,2.035814,1.926571,2993714.1,0.235,True,24b
egernia-local,egernia,Q11,csv,64,3,3932,0.0,63.317,0.85938,2.386894,2.109415,2992636.8,0.225,True,24b
egernia-local,egernia,Q11,csv,8,1,3383,0.0,56.315,0.146232,0.246163,0.203997,2994004.8,0.22,True,24b
egernia-local,egernia,Q11,csv,8,2,3257,0.0,54.199,0.148053,0.252606,0.214729,2992855.7,0.165,True,24b
egernia-local,egernia,Q11,csv,8,3,3639,0.0,60.503,0.120906,0.211507,0.173691,2993291.4,0.23,True,24b
egernia-local,egernia,Q13,csv,32,1,3246,0.0,53.715,0.583413,0.85705,0.856312,2264.2,0.035,True,24b
egernia-local,egernia,Q13,csv,32,2,3252,0.0,53.887,0.589,0.818014,0.816954,2264.3,0.03,True,24b
egernia-local,egernia,Q13,csv,32,3,3244,0.0,53.656,0.578241,0.889709,0.888553,2264.5,0.03,True,24b
egernia-local,egernia,Q13,csv,64,1,3269,0.0,53.572,1.313972,2.032756,2.031692,2264.2,0.04,True,24b
egernia-local,egernia,Q13,csv,64,2,3261,0.0,53.494,1.222833,1.786804,1.786327,2264.3,0.035,True,24b
egernia-local,egernia,Q13,csv,64,3,3266,0.0,53.732,0.941054,2.25442,2.253615,2264.9,0.05,True,24b
egernia-local,egernia,Q13,csv,8,1,2892,0.0,48.112,0.167879,0.203059,0.202556,2264.1,0.04,True,24b
egernia-local,egernia,Q13,csv,8,2,2897,0.0,48.171,0.167836,0.202122,0.201321,2264.6,0.035,True,24b
egernia-local,egernia,Q13,csv,8,3,2907,0.0,48.335,0.167637,0.202434,0.201707,2264.4,0.03,True,24b
egernia-local,egernia,mix,csv,32,1,36502,0.0,607.992,0.052744,0.087302,0.08138,42826.2,0.265,True,24b
egernia-local,egernia,mix,csv,32,2,36499,0.0,607.885,0.048569,0.086848,0.080932,42580.8,0.255,True,24b
egernia-local,egernia,mix,csv,32,3,36159,0.0,602.063,0.04594,0.102593,0.095782,42820.0,0.285,True,24b
egernia-local,egernia,mix,csv,64,1,34768,0.0,578.534,0.10749,0.150493,0.142193,42742.3,0.24,True,24b
egernia-local,egernia,mix,csv,64,2,34982,0.0,582.124,0.096422,0.201009,0.194007,42329.3,0.3,True,24b
egernia-local,egernia,mix,csv,64,3,34852,0.0,579.987,0.108245,0.153675,0.14561,42734.3,0.25,True,24b
egernia-local,egernia,mix,csv,8,1,32287,0.0,537.973,0.012515,0.027854,0.026163,42966.4,0.23,True,24b
egernia-local,egernia,mix,csv,8,2,34649,0.0,577.359,0.013086,0.021621,0.020068,42355.3,0.352,True,24b
egernia-local,egernia,mix,csv,8,3,21753,0.0,362.483,0.02107,0.0346,0.032453,43094.4,0.19,True,24b
egernia-local,egernia,Q01,votable,32,1,42794,0.0,712.715,0.043716,0.062048,0.058912,2682.0,0.27,True,24b
egernia-local,egernia,Q01,votable,32,2,42791,0.0,712.747,0.043168,0.06627,0.062971,2682.0,0.285,True,24b
egernia-local,egernia,Q01,votable,32,3,42677,0.0,710.905,0.041707,0.071255,0.067697,2682.0,0.265,True,24b
egernia-local,egernia,Q01,votable,64,1,40983,0.0,682.244,0.088483,0.140919,0.136317,2682.0,0.33,True,24b
egernia-local,egernia,Q01,votable,64,2,40997,0.0,682.505,0.094139,0.125807,0.121047,2682.0,0.25,True,24b
egernia-local,egernia,Q01,votable,64,3,41040,0.0,682.77,0.07284,0.17769,0.17274,2682.0,0.28,True,24b
egernia-local,egernia,Q01,votable,8,1,40363,0.0,672.492,0.006561,0.028838,0.027399,2682.0,0.355,True,24b
egernia-local,egernia,Q01,votable,8,2,36549,0.0,609.024,0.010628,0.022467,0.021263,2682.0,0.285,True,24b
egernia-local,egernia,Q01,votable,8,3,37076,0.0,617.816,0.010459,0.022008,0.020865,2682.0,0.35,True,24b
egernia-local,egernia,Q03,votable,32,1,37519,0.0,624.739,0.040599,0.104566,0.09991,35758.1,0.28,True,24b
egernia-local,egernia,Q03,votable,32,2,37320,0.0,621.515,0.049592,0.08258,0.078517,35724.2,0.265,True,24b
egernia-local,egernia,Q03,votable,32,3,37388,0.0,622.484,0.043166,0.097664,0.092655,35692.8,0.295,True,24b
egernia-local,egernia,Q03,votable,64,1,35495,0.0,590.692,0.103683,0.159641,0.154342,35685.6,0.255,True,24b
egernia-local,egernia,Q03,votable,64,2,35602,0.0,592.474,0.099532,0.167672,0.162236,35699.0,0.26,True,24b
egernia-local,egernia,Q03,votable,64,3,35575,0.0,591.527,0.10492,0.145318,0.140269,35671.9,0.23,True,24b
egernia-local,egernia,Q03,votable,8,1,31376,0.0,522.863,0.015203,0.020524,0.019392,35741.2,0.24,True,24b
egernia-local,egernia,Q03,votable,8,2,22656,0.0,377.471,0.019658,0.032198,0.030691,35693.9,0.19,True,24b
egernia-local,egernia,Q03,votable,8,3,28528,0.0,475.366,0.017018,0.025894,0.024554,35618.3,0.22,True,24b
egernia-local,egernia,Q04,votable,32,1,31816,0.0,529.765,0.05967,0.092158,0.084379,80791.6,0.255,True,24b
egernia-local,egernia,Q04,votable,32,2,31717,0.0,528.017,0.061974,0.088383,0.081059,80794.8,0.275,True,24b
egernia-local,egernia,Q04,votable,32,3,31708,0.0,528.107,0.05803,0.086821,0.079494,80794.6,0.28,True,24b
egernia-local,egernia,Q04,votable,64,1,30818,0.0,512.382,0.087597,0.298845,0.286835,80791.5,0.33,True,24b
egernia-local,egernia,Q04,votable,64,2,30649,0.0,509.867,0.104622,0.212261,0.200549,80794.4,0.365,True,24b
egernia-local,egernia,Q04,votable,64,3,30433,0.0,506.398,0.124476,0.168768,0.156816,80794.5,0.23,True,24b
egernia-local,egernia,Q04,votable,8,1,18998,0.0,316.527,0.024946,0.031072,0.028501,80788.8,0.19,True,24b
egernia-local,egernia,Q04,votable,8,2,22110,0.0,368.349,0.021835,0.030533,0.028008,80793.4,0.2,True,24b
egernia-local,egernia,Q04,votable,8,3,21250,0.0,354.109,0.018082,0.037469,0.034347,80794.4,0.16,True,24b
egernia-local,egernia,Q10,votable,32,1,21074,0.0,350.83,0.090374,0.137428,0.107324,396011.7,0.235,True,24b
egernia-local,egernia,Q10,votable,32,2,21067,0.0,350.637,0.092373,0.145461,0.113036,396029.3,0.28,True,24b
egernia-local,egernia,Q10,votable,32,3,21001,0.0,349.631,0.094063,0.132049,0.103521,396063.9,0.26,True,24b
egernia-local,egernia,Q10,votable,64,1,20673,0.0,343.932,0.191566,0.255942,0.201906,396016.7,0.235,True,24b
egernia-local,egernia,Q10,votable,64,2,20675,0.0,343.815,0.187455,0.267187,0.214002,396042.9,0.245,True,24b
egernia-local,egernia,Q10,votable,64,3,20707,0.0,344.145,0.182889,0.264765,0.21175,396073.1,0.25,True,24b
egernia-local,egernia,Q10,votable,8,1,15881,0.0,264.535,0.019725,0.059217,0.048799,396016.9,0.25,True,24b
egernia-local,egernia,Q10,votable,8,2,15828,0.0,263.721,0.019783,0.059284,0.04886,395975.2,0.325,True,24b
egernia-local,egernia,Q10,votable,8,3,18765,0.0,312.645,0.024448,0.036238,0.030326,396034.9,0.285,True,24b
egernia-local,egernia,Q11,votable,32,1,3263,0.0,54.031,0.514074,1.12016,1.044187,3955406.1,0.235,True,24b
egernia-local,egernia,Q11,votable,32,2,3454,0.0,56.837,0.538705,1.103928,1.044243,3954033.2,0.24,True,24b
egernia-local,egernia,Q11,votable,32,3,3445,0.0,57.126,0.558379,1.039971,0.961406,3954520.2,0.26,True,24b
egernia-local,egernia,Q11,votable,64,1,3131,0.0,50.472,0.852039,3.550619,3.180954,3955169.0,0.345,True,24b
egernia-local,egernia,Q11,votable,64,2,3128,0.0,51.688,1.169057,2.996469,2.75958,3954835.7,0.275,True,24b
egernia-local,egernia,Q11,votable,64,3,3128,0.0,51.526,0.816829,3.018494,2.710731,3954370.8,0.32,True,24b
egernia-local,egernia,Q11,votable,8,1,2523,0.0,41.972,0.139246,0.335235,0.248999,3955700.9,0.21,True,24b
egernia-local,egernia,Q11,votable,8,2,2604,0.0,43.306,0.184665,0.279192,0.221921,3954027.8,0.175,True,24b
egernia-local,egernia,Q11,votable,8,3,2740,0.0,45.6,0.157387,0.287064,0.251824,3954441.9,0.24,True,24b
egernia-local,egernia,Q13,votable,32,1,3226,0.0,53.486,0.593288,0.837397,0.836951,4628.2,0.035,True,24b
egernia-local,egernia,Q13,votable,32,2,3233,0.0,53.622,0.575288,0.903649,0.902165,4628.3,0.035,True,24b
egernia-local,egernia,Q13,votable,32,3,3227,0.0,53.295,0.563197,0.907241,0.906592,4628.7,0.035,True,24b
egernia-local,egernia,Q13,votable,64,1,3240,0.0,53.073,1.214944,1.796899,1.79641,4628.2,0.04,True,24b
egernia-local,egernia,Q13,votable,64,2,3249,0.0,53.258,1.19505,1.658479,1.657842,4628.3,0.04,True,24b
egernia-local,egernia,Q13,votable,64,3,3256,0.0,53.244,0.81481,2.666014,2.66541,4628.5,0.045,True,24b
egernia-local,egernia,Q13,votable,8,1,2898,0.0,48.164,0.16721,0.202593,0.201839,4628.1,0.035,True,24b
egernia-local,egernia,Q13,votable,8,2,2876,0.0,47.826,0.16925,0.203393,0.202687,4628.6,0.04,True,24b
egernia-local,egernia,Q13,votable,8,3,2890,0.0,48.038,0.168745,0.20284,0.202119,4628.3,0.035,True,24b
egernia-local,egernia,mix,votable,32,1,35156,0.0,585.519,0.053071,0.080946,0.073948,58367.4,0.265,True,24b
egernia-local,egernia,mix,votable,32,2,35544,0.0,591.807,0.042451,0.111628,0.103902,57937.7,0.27,True,24b
egernia-local,egernia,mix,votable,32,3,35347,0.0,588.633,0.049698,0.095162,0.087796,58544.3,0.28,True,24b
egernia-local,egernia,mix,votable,64,1,33719,0.0,560.86,0.113466,0.160308,0.149051,58245.3,0.235,True,24b
egernia-local,egernia,mix,votable,64,2,33781,0.0,561.916,0.099149,0.207634,0.199397,57822.1,0.25,True,24b
egernia-local,egernia,mix,votable,64,3,33760,0.0,561.394,0.108627,0.171212,0.16149,58309.2,0.24,True,24b
egernia-local,egernia,mix,votable,8,1,30027,0.0,500.325,0.015528,0.023871,0.021617,58566.4,0.265,True,24b
egernia-local,egernia,mix,votable,8,2,29783,0.0,496.267,0.015688,0.024228,0.021947,57582.8,0.239,True,24b
egernia-local,egernia,mix,votable,8,3,34368,0.0,572.695,0.013099,0.022231,0.020304,58533.6,0.305,True,24b
egernia-local,egernia,Q01,csv,32,1,67072,0.0,1116.983,0.023012,0.063939,0.060738,1835.0,0.65,False,24r
egernia-local,egernia,Q01,csv,32,2,70023,0.0,1166.386,0.0204,0.050269,0.047691,1835.0,0.475,True,24r
egernia-local,egernia,Q01,csv,32,3,61512,0.0,1024.771,0.030059,0.052541,0.049876,1835.0,0.43,True,24r
egernia-local,egernia,Q01,csv,64,1,71567,0.0,1191.897,0.048852,0.093855,0.088857,1835.0,0.505,True,24r
egernia-local,egernia,Q01,csv,64,2,71562,0.0,1191.928,0.053968,0.079806,0.075731,1835.0,0.445,True,24r
egernia-local,egernia,Q01,csv,64,3,71643,0.0,1193.107,0.052263,0.090388,0.085733,1835.0,0.505,True,24r
egernia-local,egernia,Q01,csv,8,1,51418,0.0,856.91,0.007815,0.016189,0.01521,1835.0,0.43,True,24r
egernia-local,egernia,Q01,csv,8,2,34432,0.0,573.688,0.009682,0.028698,0.027298,1835.0,0.435,True,24r
egernia-local,egernia,Q01,csv,8,3,34867,0.0,580.981,0.00955,0.028578,0.027169,1835.0,0.315,True,24r
egernia-local,egernia,Q03,csv,32,1,52102,0.0,867.91,0.026607,0.090806,0.086124,25679.0,0.46,True,24r
egernia-local,egernia,Q03,csv,32,2,51142,0.0,851.806,0.036324,0.069649,0.066356,25624.7,0.485,True,24r
egernia-local,egernia,Q03,csv,32,3,52889,0.0,881.002,0.031805,0.073521,0.069746,25726.2,0.44,True,24r
egernia-local,egernia,Q03,csv,64,1,59799,0.0,995.327,0.048836,0.175593,0.169521,25657.5,0.585,True,24r
egernia-local,egernia,Q03,csv,64,2,62092,0.0,1033.997,0.054871,0.111456,0.105791,25659.6,0.46,True,24r
egernia-local,egernia,Q03,csv,64,3,62108,0.0,1033.735,0.045645,0.168905,0.162429,25715.1,0.639,False,24r
egernia-local,egernia,Q03,csv,8,1,38925,0.0,648.626,0.011245,0.019565,0.018471,25682.5,0.34,True,24r
egernia-local,egernia,Q03,csv,8,2,23003,0.0,382.952,0.019292,0.031859,0.03034,25694.8,0.215,True,24r
egernia-local,egernia,Q03,csv,8,3,36536,0.0,608.859,0.012584,0.019426,0.018385,25637.8,0.27,True,24r
egernia-local,egernia,Q04,csv,32,1,45351,0.0,755.428,0.040002,0.072007,0.068539,60023.2,0.335,True,24r
egernia-local,egernia,Q04,csv,32,2,45937,0.0,764.956,0.033327,0.087904,0.083579,60014.3,0.39,True,24r
egernia-local,egernia,Q04,csv,32,3,42582,0.0,709.084,0.038848,0.094523,0.089887,60021.2,0.39,True,24r
egernia-local,egernia,Q04,csv,64,1,51107,0.0,850.717,0.067566,0.134204,0.1275,60015.0,0.425,True,24r
egernia-local,egernia,Q04,csv,64,2,51185,0.0,851.905,0.068912,0.131384,0.124769,60021.5,0.405,True,24r
egernia-local,egernia,Q04,csv,64,3,50965,0.0,848.483,0.067332,0.141947,0.134574,60013.1,0.43,True,24r
egernia-local,egernia,Q04,csv,8,1,27406,0.0,456.62,0.014333,0.029459,0.028001,60015.9,0.24,True,24r
egernia-local,egernia,Q04,csv,8,2,26154,0.0,435.763,0.016136,0.029134,0.027713,60019.2,0.285,True,24r
egernia-local,egernia,Q04,csv,8,3,25626,0.0,427.02,0.018502,0.024273,0.02307,60017.5,0.225,True,24r
egernia-local,egernia,Q10,csv,32,1,32396,0.0,539.41,0.059439,0.106811,0.088636,298912.3,0.38,True,24r
egernia-local,egernia,Q10,csv,32,2,32458,0.0,540.287,0.045663,0.130546,0.10577,298936.3,0.355,True,24r
egernia-local,egernia,Q10,csv,32,3,31955,0.0,531.598,0.058476,0.105473,0.08707,298921.4,0.37,True,24r
egernia-local,egernia,Q10,csv,64,1,35689,0.0,594.147,0.099175,0.186713,0.149354,298906.9,0.395,True,24r
egernia-local,egernia,Q10,csv,64,2,35452,0.0,589.623,0.075473,0.324467,0.271493,298923.5,0.465,True,24r
egernia-local,egernia,Q10,csv,64,3,35279,0.0,587.03,0.101234,0.238902,0.192898,298909.6,0.558,True,24r
egernia-local,egernia,Q10,csv,8,1,16767,0.0,279.308,0.028722,0.043177,0.037357,298899.3,0.27,True,24r
egernia-local,egernia,Q10,csv,8,2,16729,0.0,278.696,0.028902,0.043576,0.037566,298915.2,0.19,True,24r
egernia-local,egernia,Q10,csv,8,3,13424,0.0,223.598,0.035347,0.04485,0.038543,298935.0,0.165,True,24r
egernia-local,egernia,Q11,csv,32,1,3474,0.0,57.709,0.406643,1.301534,1.24547,2996589.8,0.26,True,24r
egernia-local,egernia,Q11,csv,32,2,3754,0.0,62.098,0.36385,1.455431,1.393299,2995488.3,0.26,True,24r
egernia-local,egernia,Q11,csv,32,3,4046,0.0,66.832,0.359093,1.138231,1.081793,2994960.7,0.265,True,24r
egernia-local,egernia,Q11,csv,64,1,2677,0.0,44.297,0.92395,3.805827,3.714968,2996765.7,0.22,True,24r
egernia-local,egernia,Q11,csv,64,2,3236,0.000618,52.95,0.821227,3.225075,3.170167,2994041.1,0.27,True,24r
egernia-local,egernia,Q11,csv,64,3,2803,0.0,45.041,0.890806,3.896239,3.815461,2994936.7,0.23,True,24r
egernia-local,egernia,Q11,csv,8,1,3319,0.0,55.206,0.132751,0.24496,0.207428,2996445.4,0.25,True,24r
egernia-local,egernia,Q11,csv,8,2,3647,0.0,60.598,0.105516,0.25875,0.223611,2995901.2,0.21,True,24r
egernia-local,egernia,Q11,csv,8,3,3418,0.0,56.891,0.111989,0.266557,0.215175,2994535.0,0.185,True,24r
egernia-local,egernia,Q13,csv,32,1,3339,0.0,55.294,0.567978,0.862761,0.861874,2264.0,0.035,True,24r
egernia-local,egernia,Q13,csv,32,2,3345,0.0,55.262,0.528532,0.93441,0.932234,2264.4,0.04,True,24r
egernia-local,egernia,Q13,csv,32,3,3320,0.0,54.933,0.567874,0.856912,0.855065,2264.8,0.035,True,24r
egernia-local,egernia,Q13,csv,64,1,3331,0.0,54.743,1.006009,2.045353,2.044738,2264.1,0.04,True,24r
egernia-local,egernia,Q13,csv,64,2,3331,0.0,54.657,1.047847,2.032001,2.030307,2264.1,0.04,True,24r
egernia-local,egernia,Q13,csv,64,3,3333,0.0,54.642,1.090729,1.871097,1.869759,2264.5,0.04,True,24r
egernia-local,egernia,Q13,csv,8,1,3061,0.0,50.875,0.157774,0.199546,0.198948,2264.1,0.035,True,24r
egernia-local,egernia,Q13,csv,8,2,3051,0.0,50.734,0.159497,0.2008,0.199927,2264.6,0.04,True,24r
egernia-local,egernia,Q13,csv,8,3,3065,0.0,50.994,0.158463,0.1989,0.198148,2264.3,0.04,True,24r
egernia-local,egernia,mix,csv,32,1,49356,0.0,821.979,0.034581,0.074094,0.069042,43093.4,0.44,True,24r
egernia-local,egernia,mix,csv,32,2,47605,0.0,792.818,0.039662,0.069676,0.064877,42395.7,0.385,True,24r
egernia-local,egernia,mix,csv,32,3,54326,0.0,904.907,0.036819,0.059401,0.055373,42569.1,0.505,True,24r
egernia-local,egernia,mix,csv,64,1,59240,0.0,986.273,0.059298,0.114404,0.107158,42815.0,0.485,True,24r
egernia-local,egernia,mix,csv,64,2,58163,0.0,968.582,0.062443,0.130753,0.122873,42575.4,0.54,True,24r
egernia-local,egernia,mix,csv,64,3,59065,0.0,983.551,0.051165,0.136059,0.127145,42608.9,0.585,True,24r
egernia-local,egernia,mix,csv,8,1,29924,0.0,498.672,0.0104,0.034389,0.032302,42903.1,0.385,True,24r
egernia-local,egernia,mix,csv,8,2,32987,0.0,549.642,0.01474,0.02306,0.021445,42658.8,0.31,True,24r
egernia-local,egernia,mix,csv,8,3,32989,0.0,549.71,0.01474,0.023051,0.021394,43149.1,0.31,True,24r
egernia-local,egernia,Q01,votable,32,1,74315,0.0,1238.23,0.024006,0.05299,0.050288,2682.0,0.54,True,24r
egernia-local,egernia,Q01,votable,32,2,73973,0.0,1232.281,0.018337,0.058309,0.055288,2682.0,0.545,True,24r
egernia-local,egernia,Q01,votable,32,3,67825,0.0,1129.603,0.029096,0.060151,0.057111,2682.0,0.57,True,24r
egernia-local,egernia,Q01,votable,64,1,71260,0.0,1186.723,0.048894,0.101899,0.09673,2682.0,0.53,True,24r
egernia-local,egernia,Q01,votable,64,2,65652,0.0,1092.413,0.046671,0.165181,0.159627,2682.0,0.635,False,24r
egernia-local,egernia,Q01,votable,64,3,70837,0.0,1179.353,0.049002,0.091404,0.086685,2682.0,0.52,True,24r
egernia-local,egernia,Q01,votable,8,1,45427,0.0,757.055,0.010058,0.016363,0.015398,2682.0,0.365,True,24r
egernia-local,egernia,Q01,votable,8,2,34818,0.0,580.162,0.014203,0.022262,0.021099,2682.0,0.36,True,24r
egernia-local,egernia,Q01,votable,8,3,42936,0.0,715.521,0.009013,0.02239,0.021212,2682.0,0.37,True,24r
egernia-local,egernia,Q03,votable,32,1,57181,0.0,952.391,0.023736,0.078965,0.07491,35625.7,0.515,True,24r
egernia-local,egernia,Q03,votable,32,2,59881,0.0,997.399,0.029362,0.062385,0.05908,35692.1,0.455,True,24r
egernia-local,egernia,Q03,votable,32,3,55066,0.0,917.31,0.032418,0.0596,0.05667,35730.7,0.485,True,24r
egernia-local,egernia,Q03,votable,64,1,60766,0.0,1011.79,0.056431,0.119832,0.114041,35699.2,0.565,True,24r
egernia-local,egernia,Q03,votable,64,2,60948,0.0,1014.882,0.049439,0.153564,0.147085,35790.4,0.589,True,24r
egernia-local,egernia,Q03,votable,64,3,55196,0.0,919.23,0.066244,0.113513,0.107874,35727.0,0.425,True,24r
egernia-local,egernia,Q03,votable,8,1,33243,0.0,553.962,0.011912,0.026189,0.024863,35743.0,0.29,True,24r
egernia-local,egernia,Q03,votable,8,2,37497,0.0,624.795,0.01169,0.020236,0.019137,35663.4,0.38,True,24r
egernia-local,egernia,Q03,votable,8,3,33711,0.0,561.694,0.014753,0.021027,0.019905,35769.5,0.315,True,24r
egernia-local,egernia,Q04,votable,32,1,43780,0.0,729.165,0.032226,0.093262,0.085073,81040.7,0.45,True,24r
egernia-local,egernia,Q04,votable,32,2,41874,0.0,697.434,0.036156,0.102489,0.092908,81042.9,0.425,True,24r
egernia-local,egernia,Q04,votable,32,3,42519,0.0,708.154,0.032021,0.101313,0.092331,81040.7,0.46,True,24r
egernia-local,egernia,Q04,votable,64,1,48165,0.0,801.527,0.075554,0.13241,0.119635,81037.4,0.424,True,24r
egernia-local,egernia,Q04,votable,64,2,48101,0.0,800.57,0.073797,0.14804,0.133839,81039.7,0.435,True,24r
egernia-local,egernia,Q04,votable,64,3,47351,0.0,787.833,0.066867,0.206155,0.19113,81040.6,0.494,True,24r
egernia-local,egernia,Q04,votable,8,1,26330,0.0,438.73,0.017362,0.026096,0.024112,81041.8,0.255,True,24r
egernia-local,egernia,Q04,votable,8,2,26059,0.0,434.202,0.017791,0.025158,0.023204,81045.2,0.265,True,24r
egernia-local,egernia,Q04,votable,8,3,19040,0.0,317.188,0.02612,0.044445,0.040814,81043.4,0.22,True,24r
egernia-local,egernia,Q10,votable,32,1,32649,0.0,543.622,0.057113,0.085111,0.069122,396671.4,0.4,True,24r
egernia-local,egernia,Q10,votable,32,2,28709,0.0,478.109,0.067273,0.108203,0.085885,396722.3,0.42,True,24r
egernia-local,egernia,Q10,votable,32,3,29280,0.0,487.447,0.050613,0.123142,0.097494,396704.2,0.425,True,24r
egernia-local,egernia,Q10,votable,64,1,32204,0.0,535.899,0.109818,0.211675,0.159502,396670.5,0.46,True,24r
egernia-local,egernia,Q10,votable,64,2,32255,0.0,536.501,0.108685,0.219222,0.161546,396709.4,0.4,True,24r
egernia-local,egernia,Q10,votable,64,3,32196,0.0,535.477,0.107519,0.265845,0.196784,396701.9,0.45,True,24r
egernia-local,egernia,Q10,votable,8,1,12370,0.0,206.027,0.038289,0.048303,0.04007,396658.2,0.21,True,24r
egernia-local,egernia,Q10,votable,8,2,15156,0.0,252.525,0.031675,0.046726,0.03916,396685.4,0.195,True,24r
egernia-local,egernia,Q10,votable,8,3,20936,0.0,348.804,0.022427,0.029947,0.025707,396716.8,0.285,True,24r
egernia-local,egernia,Q11,votable,32,1,3135,0.0,51.758,0.48499,1.465685,1.418162,3957816.0,0.29,True,24r
egernia-local,egernia,Q11,votable,32,2,2773,0.0,45.965,0.565168,1.580294,1.53,3957269.8,0.245,True,24r
egernia-local,egernia,Q11,votable,32,3,2977,0.0,49.091,0.460909,1.825815,1.767102,3956224.1,0.31,True,24r
egernia-local,egernia,Q11,votable,64,1,2396,0.001252,39.052,1.102282,4.57636,4.463627,3952654.5,0.3,True,24r
egernia-local,egernia,Q11,votable,64,2,2183,0.0,34.025,1.247408,4.813243,4.724683,3957065.9,0.225,True,24r
egernia-local,egernia,Q11,votable,64,3,2264,0.000883,37.248,1.179621,4.561543,4.478783,3953107.6,0.25,True,24r
egernia-local,egernia,Q11,votable,8,1,2562,0.0,42.578,0.139657,0.332602,0.244647,3957586.0,0.205,True,24r
egernia-local,egernia,Q11,votable,8,2,2603,0.0,43.283,0.181061,0.310039,0.257236,3956841.9,0.215,True,24r
egernia-local,egernia,Q11,votable,8,3,2674,0.0,44.44,0.179916,0.299558,0.252581,3956700.6,0.23,True,24r
egernia-local,egernia,Q13,votable,32,1,3335,0.0,55.198,0.57103,0.932484,0.931623,4628.2,0.035,True,24r
egernia-local,egernia,Q13,votable,32,2,3353,0.0,55.523,0.557588,0.954816,0.952849,4628.3,0.035,True,24r
egernia-local,egernia,Q13,votable,32,3,3337,0.0,55.257,0.558968,0.964145,0.962565,4628.6,0.035,True,24r
egernia-local,egernia,Q13,votable,64,1,3321,0.0,54.576,1.129597,1.929505,1.928219,4628.1,0.035,True,24r
egernia-local,egernia,Q13,votable,64,2,3341,0.0,54.924,1.143117,1.855064,1.852847,4628.2,0.04,True,24r
egernia-local,egernia,Q13,votable,64,3,3308,0.0,54.518,1.05897,1.991858,1.990972,4628.7,0.04,True,24r
egernia-local,egernia,Q13,votable,8,1,3061,0.0,50.891,0.158046,0.200232,0.199388,4628.1,0.035,True,24r
egernia-local,egernia,Q13,votable,8,2,3052,0.0,50.766,0.158733,0.199813,0.19887,4628.6,0.04,True,24r
egernia-local,egernia,Q13,votable,8,3,3064,0.0,50.937,0.158733,0.199241,0.198335,4628.3,0.035,True,24r
egernia-local,egernia,mix,votable,32,1,48647,0.0,810.204,0.035186,0.078508,0.072149,58845.1,0.49,True,24r
egernia-local,egernia,mix,votable,32,2,51853,0.0,863.599,0.036306,0.072505,0.066923,58022.8,0.424,True,24r
egernia-local,egernia,mix,votable,32,3,51314,0.0,854.897,0.0346,0.074353,0.068847,58162.1,0.4,True,24r
egernia-local,egernia,mix,votable,64,1,57319,0.0,954.221,0.06126,0.12042,0.111049,58605.7,0.46,True,24r
egernia-local,egernia,mix,votable,64,2,57581,0.0,958.737,0.050384,0.157386,0.146409,58042.0,0.48,True,24r
egernia-local,egernia,mix,votable,64,3,57369,0.0,955.301,0.059571,0.125947,0.116684,58080.5,0.49,True,24r
egernia-local,egernia,mix,votable,8,1,34685,0.0,577.983,0.012981,0.021939,0.019964,58596.8,0.305,True,24r
egernia-local,egernia,mix,votable,8,2,35027,0.0,583.668,0.012813,0.021947,0.019956,58095.0,0.277,True,24r
egernia-local,egernia,mix,votable,8,3,36885,0.0,614.625,0.011827,0.022085,0.020237,58841.9,0.295,True,24r
egernia-local,egernia,mix,csv,32,1,53194,0.0,886.137,0.031606,0.071337,0.066761,42842.5,0.55,True,24w
egernia-local,egernia,mix,csv,32,2,48754,0.0,812.03,0.040746,0.079792,0.074543,42326.1,0.515,True,24w
egernia-local,egernia,mix,csv,32,3,54762,0.0,912.139,0.028838,0.074056,0.069465,42782.3,0.54,True,24w
egernia-local,egernia,mix,csv,64,1,58299,0.0,970.318,0.046026,0.145882,0.136945,43002.6,0.595,True,24w
egernia-local,egernia,mix,csv,64,2,59879,0.0,997.081,0.062149,0.098489,0.091583,42543.0,0.5,True,24w
egernia-local,egernia,mix,csv,64,3,56537,0.0,941.114,0.065248,0.138631,0.130446,42766.0,0.525,True,24w
egernia-local,egernia,mix,csv,8,1,35032,0.0,583.785,0.012986,0.021289,0.019852,43049.9,0.305,True,24w
egernia-local,egernia,mix,csv,8,2,34895,0.0,581.455,0.013055,0.021259,0.019778,42612.9,0.35,True,24w
egernia-local,egernia,mix,csv,8,3,35238,0.0,587.214,0.0102,0.027626,0.025901,42817.2,0.29,True,24w
egernia-local,egernia,mix,votable,32,1,48236,0.0,803.305,0.03539,0.076216,0.070259,58704.0,0.44,True,24w
egernia-local,egernia,mix,votable,32,2,53673,0.0,894.11,0.033903,0.066024,0.061008,57671.2,0.455,True,24w
egernia-local,egernia,mix,votable,32,3,50832,0.0,846.73,0.036848,0.073896,0.068574,58076.3,0.485,True,24w
egernia-local,egernia,mix,votable,64,1,56104,0.0,934.129,0.064967,0.132001,0.121828,58547.9,0.505,True,24w
egernia-local,egernia,mix,votable,64,2,57975,0.0,965.271,0.056416,0.126305,0.116034,57928.0,0.45,True,24w
egernia-local,egernia,mix,votable,64,3,54379,0.0,905.296,0.068932,0.143498,0.132863,58242.8,0.645,False,24w
egernia-local,egernia,mix,votable,8,1,32187,0.0,536.324,0.012518,0.027699,0.025651,58228.3,0.285,True,24w
egernia-local,egernia,mix,votable,8,2,21784,0.0,362.952,0.021303,0.030413,0.027422,57749.4,0.19,True,24w
egernia-local,egernia,mix,votable,8,3,32615,0.0,543.497,0.014854,0.023865,0.021745,58810.8,0.3,True,24w
