target,server,query_class,response_format,concurrency,repetition,requests,error_fraction,rps,latency_p50_s,latency_p95_s,ttfb_p95_s,mean_response_bytes,generator_cpu_peak,generator_guard_ok
argus-local,argus,Q01,csv,1,1,9974,0.0,83.112,0.011662,0.014749,0.012041,1003.0,0.255,True
argus-local,argus,Q01,csv,1,2,8911,0.0,73.358,0.011742,0.014799,0.012172,1003.0,0.255,True
argus-local,argus,Q01,csv,1,3,9981,0.0,83.174,0.011677,0.014834,0.01214,1003.0,0.265,True
argus-local,argus,Q01,csv,16,1,66072,0.0,550.514,0.027977,0.035124,0.027831,1003.0,0.53,True
argus-local,argus,Q01,csv,16,2,65624,0.0,546.784,0.028365,0.036934,0.029085,1003.0,0.505,True
argus-local,argus,Q01,csv,16,3,66233,0.0,551.817,0.028232,0.035853,0.028384,1003.0,0.525,True
argus-local,argus,Q01,csv,32,1,66202,0.0,551.493,0.056804,0.067121,0.05484,1003.0,0.54,True
argus-local,argus,Q01,csv,32,2,66649,0.0,555.249,0.056805,0.067109,0.054753,1003.0,0.549,True
argus-local,argus,Q01,csv,32,3,66004,0.0,549.831,0.057353,0.06834,0.055965,1003.0,0.555,True
argus-local,argus,Q01,csv,4,1,26505,0.0,220.854,0.015177,0.018794,0.01498,1003.0,0.225,True
argus-local,argus,Q01,csv,4,2,26388,0.0,219.879,0.015249,0.018952,0.015052,1003.0,0.25,True
argus-local,argus,Q01,csv,4,3,30265,0.0,252.192,0.01517,0.018797,0.014956,1003.0,0.245,True
argus-local,argus,Q01,csv,8,1,48252,2.1e-05,402.063,0.019274,0.023837,0.018861,1003.0,0.365,True
argus-local,argus,Q01,csv,8,2,47482,0.0,395.629,0.019332,0.024193,0.019071,1003.0,0.36,True
argus-local,argus,Q01,csv,8,3,49024,0.0,408.495,0.019272,0.023825,0.018825,1003.0,0.37,True
argus-local,argus,Q02,csv,1,1,289,0.0,2.406,0.414739,0.430679,0.42629,38411.8,0.015,True
argus-local,argus,Q02,csv,1,2,280,0.0,2.328,0.410828,0.43694,0.432021,38383.5,0.015,True
argus-local,argus,Q02,csv,1,3,284,0.0,2.366,0.420789,0.436523,0.432662,38403.2,0.015,True
argus-local,argus,Q02,csv,16,1,1891,0.0,15.63,1.020991,1.084204,1.077879,38408.9,0.025,True
argus-local,argus,Q02,csv,16,2,1884,0.0,15.597,1.023702,1.082198,1.075941,38419.4,0.03,True
argus-local,argus,Q02,csv,16,3,1887,0.0,15.617,1.021174,1.086297,1.07792,38407.8,0.025,True
argus-local,argus,Q02,csv,32,1,1904,0.0,15.627,2.045394,2.129654,2.122348,38407.4,0.035,True
argus-local,argus,Q02,csv,32,2,1909,0.0,15.676,2.039091,2.119753,2.11229,38418.1,0.045,True
argus-local,argus,Q02,csv,32,3,1909,0.0,15.666,2.039237,2.117287,2.109381,38407.6,0.035,True
argus-local,argus,Q02,csv,4,1,1086,0.0,9.02,0.425634,0.51147,0.50724,38415.4,0.02,True
argus-local,argus,Q02,csv,4,2,1115,0.0,9.273,0.421716,0.507443,0.504032,38412.6,0.02,True
argus-local,argus,Q02,csv,4,3,1057,0.0,8.782,0.433063,0.509947,0.506084,38410.8,0.015,True
argus-local,argus,Q02,csv,8,1,1860,0.0,15.438,0.514908,0.545036,0.539545,38409.1,0.025,True
argus-local,argus,Q02,csv,8,2,1859,0.0,15.451,0.514265,0.545738,0.540574,38420.9,0.03,True
argus-local,argus,Q02,csv,8,3,1855,0.0,15.402,0.516637,0.54489,0.539043,38407.3,0.03,True
argus-local,argus,Q03,csv,1,1,4505,0.0,37.54,0.016665,0.085782,0.082739,25429.8,0.155,True
argus-local,argus,Q03,csv,1,2,4509,0.0,37.568,0.016585,0.086328,0.083273,25481.9,0.15,True
argus-local,argus,Q03,csv,1,3,4495,0.0,37.444,0.016581,0.086593,0.083388,25433.2,0.15,True
argus-local,argus,Q03,csv,16,1,29176,0.0,242.898,0.047455,0.176447,0.167643,25503.4,0.27,True
argus-local,argus,Q03,csv,16,2,28748,0.0,239.342,0.047281,0.17524,0.165959,25575.8,0.27,True
argus-local,argus,Q03,csv,16,3,29526,0.0,245.842,0.047371,0.176246,0.168393,25529.7,0.275,True
argus-local,argus,Q03,csv,32,1,29235,0.0,243.431,0.115658,0.248037,0.23762,25502.6,0.28,True
argus-local,argus,Q03,csv,32,2,29662,0.0,246.908,0.11363,0.244919,0.235914,25561.6,0.295,True
argus-local,argus,Q03,csv,32,3,29704,0.0,247.256,0.11338,0.244908,0.236121,25534.1,0.282,True
argus-local,argus,Q03,csv,4,1,15171,0.0,126.35,0.020561,0.100077,0.096343,25503.0,0.155,True
argus-local,argus,Q03,csv,4,2,13863,0.0,115.51,0.020563,0.100163,0.096355,25569.8,0.155,True
argus-local,argus,Q03,csv,4,3,15215,0.0,126.703,0.020587,0.0999,0.0963,25544.1,0.165,True
argus-local,argus,Q03,csv,8,1,22678,0.0,188.863,0.02764,0.12003,0.113976,25525.3,0.21,True
argus-local,argus,Q03,csv,8,2,21895,0.0,182.292,0.027587,0.121002,0.11465,25561.8,0.225,True
argus-local,argus,Q03,csv,8,3,23457,4.3e-05,195.322,0.027541,0.12038,0.114792,25479.3,0.22,True
argus-local,argus,Q04,csv,1,1,5548,0.0,46.227,0.021377,0.02513,0.020513,59987.4,0.195,True
argus-local,argus,Q04,csv,1,2,5531,0.0,46.083,0.02147,0.025278,0.020637,59985.7,0.195,True
argus-local,argus,Q04,csv,1,3,5516,0.0,45.966,0.021507,0.025222,0.020569,59967.2,0.19,True
argus-local,argus,Q04,csv,16,1,35189,0.0,293.137,0.053884,0.069384,0.05569,59977.1,0.345,True
argus-local,argus,Q04,csv,16,2,35536,0.0,296.027,0.053306,0.068071,0.054599,59976.5,0.376,True
argus-local,argus,Q04,csv,16,3,34737,0.0,289.393,0.053645,0.068966,0.055161,59971.8,0.36,True
argus-local,argus,Q04,csv,32,1,35216,0.0,293.256,0.108526,0.126719,0.112797,59976.9,0.36,True
argus-local,argus,Q04,csv,32,2,35124,0.0,292.511,0.108678,0.127124,0.113073,59976.6,0.37,True
argus-local,argus,Q04,csv,32,3,35512,0.0,295.75,0.107458,0.125803,0.112007,59972.0,0.37,True
argus-local,argus,Q04,csv,4,1,17764,0.0,148.014,0.026496,0.032225,0.026095,59974.2,0.175,True
argus-local,argus,Q04,csv,4,2,17745,0.0,147.86,0.026574,0.032296,0.026102,59979.1,0.185,True
argus-local,argus,Q04,csv,4,3,17596,0.0,146.613,0.02661,0.032398,0.02619,59976.7,0.185,True
argus-local,argus,Q04,csv,8,1,27608,0.0,230.015,0.034264,0.042546,0.033974,59979.1,0.28,True
argus-local,argus,Q04,csv,8,2,27206,0.0,226.65,0.034472,0.043297,0.034382,59976.3,0.275,True
argus-local,argus,Q04,csv,8,3,26916,0.0,224.249,0.034363,0.042797,0.034108,59972.5,0.27,True
argus-local,argus,Q05,csv,1,1,278,0.0,2.314,0.431685,0.447805,0.444639,3548.0,0.015,True
argus-local,argus,Q05,csv,1,2,277,0.0,2.306,0.432967,0.44913,0.446228,3910.5,0.015,True
argus-local,argus,Q05,csv,1,3,279,0.0,2.324,0.429694,0.447622,0.444424,3841.0,0.015,True
argus-local,argus,Q05,csv,16,1,1743,0.0,14.402,1.108686,1.190595,1.1843,3826.9,0.03,True
argus-local,argus,Q05,csv,16,2,1752,0.0,14.484,1.104041,1.183131,1.177297,4017.7,0.025,True
argus-local,argus,Q05,csv,16,3,1747,0.0,14.441,1.10906,1.2091,1.205617,3914.2,0.03,True
argus-local,argus,Q05,csv,32,1,1763,0.0,14.45,2.215782,2.297988,2.29365,3837.1,0.035,True
argus-local,argus,Q05,csv,32,2,1749,0.0,14.34,2.230698,2.319358,2.315382,4033.6,0.03,True
argus-local,argus,Q05,csv,32,3,1761,0.0,14.448,2.21694,2.302185,2.295819,3906.8,0.03,True
argus-local,argus,Q05,csv,4,1,983,0.0,8.174,0.454655,0.557689,0.554802,3704.2,0.04,True
argus-local,argus,Q05,csv,4,2,986,0.0,8.192,0.456383,0.556903,0.553976,3858.4,0.015,True
argus-local,argus,Q05,csv,4,3,928,0.0,7.702,0.526527,0.562035,0.558982,3877.3,0.02,True
argus-local,argus,Q05,csv,8,1,1708,0.0,14.183,0.563104,0.587991,0.584238,3832.9,0.03,True
argus-local,argus,Q05,csv,8,2,1709,0.0,14.181,0.562984,0.587451,0.583046,3978.9,0.025,True
argus-local,argus,Q05,csv,8,3,1695,0.0,14.066,0.567578,0.593458,0.589806,3894.4,0.025,True
argus-local,argus,Q06,csv,1,1,277,0.0,2.304,0.437974,0.455048,0.449845,72032.1,0.015,True
argus-local,argus,Q06,csv,1,2,279,0.0,2.323,0.437694,0.45381,0.448041,72428.3,0.02,True
argus-local,argus,Q06,csv,1,3,279,0.0,2.323,0.437192,0.452649,0.448039,66763.9,0.015,True
argus-local,argus,Q06,csv,16,1,1749,0.0,14.461,1.119788,1.204743,1.198345,71976.5,0.03,True
argus-local,argus,Q06,csv,16,2,1747,0.0,14.435,1.117209,1.193287,1.185455,72399.9,0.03,True
argus-local,argus,Q06,csv,16,3,1756,0.0,14.542,1.111149,1.186875,1.179395,70489.7,0.045,True
argus-local,argus,Q06,csv,32,1,1717,0.0,14.062,2.22709,2.368574,2.329873,71997.5,0.045,True
argus-local,argus,Q06,csv,32,2,1765,0.0,14.476,2.224239,2.320854,2.3121,72130.4,0.05,True
argus-local,argus,Q06,csv,32,3,1765,0.0,14.456,2.224783,2.330546,2.325032,70402.0,0.035,True
argus-local,argus,Q06,csv,4,1,993,0.0,8.247,0.452527,0.563493,0.557465,72762.1,0.02,True
argus-local,argus,Q06,csv,4,2,934,0.0,7.754,0.545868,0.562352,0.556797,71345.1,0.02,True
argus-local,argus,Q06,csv,4,3,986,0.0,8.182,0.462326,0.562236,0.557332,69750.4,0.02,True
argus-local,argus,Q06,csv,8,1,1707,0.0,14.168,0.57222,0.60399,0.596778,72061.5,0.025,True
argus-local,argus,Q06,csv,8,2,1702,0.0,14.127,0.571363,0.612253,0.605008,72067.0,0.03,True
argus-local,argus,Q06,csv,8,3,1713,0.0,14.217,0.568085,0.608908,0.602143,70867.3,0.025,True
argus-local,argus,Q07,csv,1,1,387,0.0,3.221,0.356051,0.437701,0.43203,19260.3,0.02,True
argus-local,argus,Q07,csv,1,2,374,0.0,3.107,0.362137,0.436779,0.433436,20401.6,0.02,True
argus-local,argus,Q07,csv,1,3,373,0.0,3.108,0.362942,0.436394,0.432678,20381.8,0.015,True
argus-local,argus,Q07,csv,16,1,2469,0.0,20.456,0.810559,0.989875,0.983633,20446.2,0.04,True
argus-local,argus,Q07,csv,16,2,2472,0.0,20.472,0.816333,0.985456,0.979662,20381.7,0.035,True
argus-local,argus,Q07,csv,16,3,2477,0.0,20.51,0.815474,0.987116,0.981349,20605.1,0.035,True
argus-local,argus,Q07,csv,32,1,2485,0.0,20.468,1.579934,1.810762,1.804143,20399.5,0.04,True
argus-local,argus,Q07,csv,32,2,2483,0.0,20.433,1.576009,1.833799,1.828179,20386.5,0.035,True
argus-local,argus,Q07,csv,32,3,2494,0.0,20.525,1.569895,1.81231,1.805479,20604.7,0.04,True
argus-local,argus,Q07,csv,4,1,1341,0.0,11.14,0.396705,0.515,0.511865,20238.8,0.02,True
argus-local,argus,Q07,csv,4,2,1372,0.0,11.403,0.382223,0.504918,0.500618,20013.5,0.02,True
argus-local,argus,Q07,csv,4,3,1391,0.0,11.549,0.378903,0.502823,0.499241,20004.1,0.025,True
argus-local,argus,Q07,csv,8,1,2385,0.0,19.803,0.452714,0.564843,0.559019,20420.6,0.03,True
argus-local,argus,Q07,csv,8,2,2389,0.0,19.859,0.450873,0.563434,0.557218,20254.3,0.03,True
argus-local,argus,Q07,csv,8,3,2388,0.0,19.834,0.451074,0.563157,0.557658,20499.4,0.035,True
argus-local,argus,Q10,csv,1,1,3725,0.0,31.034,0.031083,0.035943,0.021766,297919.6,0.27,True
argus-local,argus,Q10,csv,1,2,3684,0.0,30.699,0.030904,0.035728,0.021825,297986.0,0.27,True
argus-local,argus,Q10,csv,1,3,3845,0.0,32.033,0.030854,0.035718,0.021791,298019.7,0.27,True
argus-local,argus,Q10,csv,16,1,21072,0.0,175.517,0.089638,0.114687,0.076415,297989.2,0.42,True
argus-local,argus,Q10,csv,16,2,21162,0.0,176.248,0.089244,0.114664,0.076774,298035.0,0.425,True
argus-local,argus,Q10,csv,16,3,20524,0.0,170.957,0.089877,0.118349,0.077123,298019.5,0.42,True
argus-local,argus,Q10,csv,32,1,20986,0.0,174.679,0.182303,0.20913,0.173665,297988.5,0.41,True
argus-local,argus,Q10,csv,32,2,21040,0.0,175.124,0.182,0.208055,0.17306,298034.3,0.415,True
argus-local,argus,Q10,csv,32,3,21033,0.0,175.049,0.181917,0.207755,0.172422,298019.8,0.414,True
argus-local,argus,Q10,csv,4,1,10456,0.0,87.116,0.038697,0.047412,0.028664,297972.8,0.25,True
argus-local,argus,Q10,csv,4,2,10439,0.0,85.617,0.038689,0.047274,0.028436,297993.2,0.255,True
argus-local,argus,Q10,csv,4,3,12137,0.0,101.122,0.038674,0.046925,0.028369,298087.0,0.255,True
argus-local,argus,Q10,csv,8,1,16943,0.0,141.164,0.051137,0.064142,0.038458,297999.1,0.365,True
argus-local,argus,Q10,csv,8,2,16553,0.0,137.89,0.051303,0.06506,0.039071,298030.5,0.365,True
argus-local,argus,Q10,csv,8,3,18345,0.0,152.822,0.051225,0.063889,0.038501,298016.5,0.37,True
argus-local,argus,Q11,csv,1,1,678,0.0,5.643,0.17679,0.18642,0.02038,2996450.2,0.35,True
argus-local,argus,Q11,csv,1,2,678,0.0,5.646,0.176591,0.188102,0.019983,2994676.5,0.32,True
argus-local,argus,Q11,csv,1,3,678,0.0,5.643,0.176154,0.188096,0.020326,2995412.3,0.315,True
argus-local,argus,Q11,csv,16,1,3294,0.0,27.325,0.585602,0.66272,0.359863,2997018.0,0.465,True
argus-local,argus,Q11,csv,16,2,3286,0.0,27.279,0.586306,0.659421,0.357603,2996310.1,0.465,True
argus-local,argus,Q11,csv,16,3,3296,0.0,27.345,0.584689,0.664184,0.360384,2995366.4,0.465,True
argus-local,argus,Q11,csv,32,1,3307,0.0,27.329,1.169731,1.252389,0.957637,2997056.9,0.47,True
argus-local,argus,Q11,csv,32,2,3315,0.0,27.393,1.166162,1.244418,0.9521,2996248.8,0.48,True
argus-local,argus,Q11,csv,32,3,3325,0.0,27.472,1.165484,1.238924,0.949776,2995348.5,0.49,True
argus-local,argus,Q11,csv,4,1,2214,0.0,18.422,0.216919,0.240013,0.030165,2996258.2,0.325,True
argus-local,argus,Q11,csv,4,2,2216,0.0,18.446,0.216383,0.241038,0.030179,2995911.8,0.325,True
argus-local,argus,Q11,csv,4,3,2212,0.0,18.416,0.216907,0.240953,0.029795,2995794.3,0.325,True
argus-local,argus,Q11,csv,8,1,3191,0.0,26.538,0.301494,0.345057,0.045047,2996800.7,0.455,True
argus-local,argus,Q11,csv,8,2,3199,0.0,26.607,0.30004,0.344926,0.045182,2996177.3,0.46,True
argus-local,argus,Q11,csv,8,3,3195,0.0,26.573,0.300933,0.347582,0.045161,2995352.5,0.465,True
argus-local,argus,Q12,csv,1,1,278,0.0,2.309,0.431629,0.449534,0.445898,109.0,0.015,True
argus-local,argus,Q12,csv,1,2,278,0.0,2.31,0.432153,0.448696,0.445049,109.0,0.015,True
argus-local,argus,Q12,csv,1,3,278,0.0,2.312,0.431707,0.448117,0.445109,109.0,0.015,True
argus-local,argus,Q12,csv,16,1,1753,0.0,14.499,1.103322,1.188181,1.183106,109.0,0.035,True
argus-local,argus,Q12,csv,16,2,1770,0.0,14.648,1.095102,1.182242,1.177329,109.0,0.035,True
argus-local,argus,Q12,csv,16,3,1775,0.0,14.661,1.092366,1.18065,1.174951,109.0,0.025,True
argus-local,argus,Q12,csv,32,1,1775,0.0,14.537,2.202901,2.280608,2.275958,109.0,0.035,True
argus-local,argus,Q12,csv,32,2,1762,0.0,14.438,2.211679,2.307057,2.301839,109.0,0.03,True
argus-local,argus,Q12,csv,32,3,1776,0.0,14.55,2.199874,2.2901,2.284281,109.0,0.04,True
argus-local,argus,Q12,csv,4,1,1038,0.0,8.615,0.441564,0.553106,0.550031,109.0,0.035,True
argus-local,argus,Q12,csv,4,2,990,0.0,8.225,0.452918,0.556137,0.553093,109.0,0.04,True
argus-local,argus,Q12,csv,4,3,1007,0.0,8.372,0.453489,0.542759,0.539295,109.0,0.015,True
argus-local,argus,Q12,csv,8,1,1713,0.0,14.213,0.56164,0.587592,0.584129,109.0,0.03,True
argus-local,argus,Q12,csv,8,2,1720,0.0,14.27,0.559133,0.589488,0.585465,109.0,0.025,True
argus-local,argus,Q12,csv,8,3,1720,0.0,14.282,0.559502,0.585658,0.580726,109.0,0.02,True
argus-local,argus,Q13,csv,1,1,316,0.0,2.631,0.383133,0.429964,0.427131,2264.5,0.015,True
argus-local,argus,Q13,csv,1,2,314,0.0,2.616,0.390294,0.432019,0.428609,2265.3,0.015,True
argus-local,argus,Q13,csv,1,3,319,0.0,2.652,0.380001,0.431237,0.427634,2263.9,0.015,True
argus-local,argus,Q13,csv,16,1,2078,0.0,17.198,0.926518,1.071723,1.06634,2264.2,0.025,True
argus-local,argus,Q13,csv,16,2,2083,0.0,17.236,0.924398,1.063234,1.057509,2264.4,0.025,True
argus-local,argus,Q13,csv,16,3,2097,0.0,17.35,0.919847,1.064588,1.060145,2264.3,0.03,True
argus-local,argus,Q13,csv,32,1,2098,0.0,17.233,1.856129,2.015798,2.011685,2264.3,0.04,True
argus-local,argus,Q13,csv,32,2,2103,0.0,17.284,1.845511,2.010287,2.004888,2264.3,0.035,True
argus-local,argus,Q13,csv,32,3,2108,0.0,17.306,1.840646,2.013698,2.009265,2264.3,0.035,True
argus-local,argus,Q13,csv,4,1,1214,0.0,10.094,0.393353,0.452336,0.445779,2264.4,0.02,True
argus-local,argus,Q13,csv,4,2,1223,0.0,10.168,0.391666,0.450781,0.447858,2264.0,0.02,True
argus-local,argus,Q13,csv,4,3,1172,0.0,9.746,0.403577,0.498002,0.494769,2263.5,0.015,True
argus-local,argus,Q13,csv,8,1,2004,0.0,16.642,0.473342,0.568434,0.562434,2264.0,0.025,True
argus-local,argus,Q13,csv,8,2,2015,0.0,16.742,0.470443,0.564552,0.559978,2264.4,0.025,True
argus-local,argus,Q13,csv,8,3,2010,0.0,16.706,0.474735,0.566609,0.56043,2264.1,0.025,True
argus-local,argus,mix,csv,1,1,451,0.0,3.758,0.402506,0.433238,0.42951,37718.3,0.025,True
argus-local,argus,mix,csv,1,2,461,0.0,3.841,0.398991,0.432761,0.429857,43473.7,0.03,True
argus-local,argus,mix,csv,1,3,478,0.0,3.969,0.391253,0.435438,0.430525,48811.4,0.03,True
argus-local,argus,mix,csv,16,1,2948,0.0,24.454,0.732792,1.019128,1.01233,43150.3,0.045,True
argus-local,argus,mix,csv,16,2,2933,0.0,24.263,0.736318,1.015604,1.009502,41476.1,0.04,True
argus-local,argus,mix,csv,16,3,2955,0.0,24.447,0.72527,1.016904,1.010851,45290.1,0.045,True
argus-local,argus,mix,csv,32,1,2961,0.0,24.398,1.348131,1.71854,1.710499,43099.3,0.045,True
argus-local,argus,mix,csv,32,2,2945,0.0,24.253,1.360894,1.762894,1.756661,41375.8,0.045,True
argus-local,argus,mix,csv,32,3,2973,0.0,24.485,1.344959,1.700479,1.693935,45325.7,0.04,True
argus-local,argus,mix,csv,4,1,1632,0.0,13.558,0.415589,0.543814,0.539354,42604.1,0.04,True
argus-local,argus,mix,csv,4,2,1648,0.0,13.692,0.413969,0.539413,0.535675,43452.1,0.035,True
argus-local,argus,mix,csv,4,3,1697,0.0,14.091,0.412569,0.535321,0.531428,44538.4,0.035,True
argus-local,argus,mix,csv,8,1,2822,0.0,23.436,0.509186,0.58042,0.57424,42901.6,0.05,True
argus-local,argus,mix,csv,8,2,2830,0.0,23.504,0.50792,0.58317,0.577475,41423.1,0.045,True
argus-local,argus,mix,csv,8,3,2840,0.0,23.586,0.506713,0.581583,0.575275,45368.9,0.05,True
argus-local,argus,Q01,votable,1,1,10034,0.0,83.611,0.01159,0.014775,0.012123,2254.0,0.26,True
argus-local,argus,Q01,votable,1,2,10056,0.0,83.795,0.011577,0.014711,0.012071,2254.0,0.255,True
argus-local,argus,Q01,votable,1,3,10077,0.0,83.968,0.011611,0.014561,0.011944,2254.0,0.255,True
argus-local,argus,Q01,votable,16,1,65499,0.0,545.72,0.027899,0.034913,0.027804,2254.0,0.52,True
argus-local,argus,Q01,votable,16,2,66976,0.0,558.05,0.027865,0.034918,0.027751,2254.0,0.515,True
argus-local,argus,Q01,votable,16,3,66318,0.0,552.553,0.027819,0.034674,0.027579,2254.0,0.535,True
argus-local,argus,Q01,votable,32,1,66078,0.0,550.503,0.056601,0.066811,0.054457,2254.0,0.54,True
argus-local,argus,Q01,votable,32,2,67322,0.0,560.852,0.056616,0.067009,0.054891,2254.0,0.545,True
argus-local,argus,Q01,votable,32,3,67108,0.0,559.038,0.056716,0.066887,0.054709,2254.0,0.549,True
argus-local,argus,Q01,votable,4,1,29694,0.0,247.421,0.015136,0.018837,0.015039,2254.0,0.23,True
argus-local,argus,Q01,votable,4,2,29496,0.0,245.775,0.015066,0.018685,0.014915,2254.0,0.24,True
argus-local,argus,Q01,votable,4,3,31232,0.0,260.236,0.015057,0.018611,0.014893,2254.0,0.24,True
argus-local,argus,Q01,votable,8,1,47600,0.0,396.625,0.019172,0.023601,0.018713,2254.0,0.37,True
argus-local,argus,Q01,votable,8,2,47210,0.0,393.382,0.019214,0.023673,0.018759,2254.0,0.38,True
argus-local,argus,Q01,votable,8,3,47980,0.0,398.184,0.019223,0.023714,0.018774,2254.0,0.365,True
argus-local,argus,Q02,votable,1,1,297,0.0,2.47,0.404116,0.42216,0.417587,53719.9,0.015,True
argus-local,argus,Q02,votable,1,2,296,0.0,2.466,0.404595,0.419548,0.415157,53688.1,0.015,True
argus-local,argus,Q02,votable,1,3,298,0.0,2.476,0.403009,0.421843,0.416945,53708.1,0.02,True
argus-local,argus,Q02,votable,16,1,1917,0.0,15.856,1.006362,1.066142,1.058847,53711.2,0.03,True
argus-local,argus,Q02,votable,16,2,1914,0.0,15.832,1.006828,1.061344,1.054638,53720.7,0.03,True
argus-local,argus,Q02,votable,16,3,1923,0.0,15.911,1.003476,1.087611,1.078457,53709.7,0.03,True
argus-local,argus,Q02,votable,32,1,1926,0.0,15.831,2.020013,2.10059,2.092972,53711.3,0.035,True
argus-local,argus,Q02,votable,32,2,1928,0.0,15.819,2.018577,2.106269,2.097862,53720.1,0.035,True
argus-local,argus,Q02,votable,32,3,1927,0.0,15.801,2.0132,2.109175,2.102254,53709.7,0.04,True
argus-local,argus,Q02,votable,4,1,1091,0.0,9.055,0.420001,0.504133,0.499395,53717.0,0.015,True
argus-local,argus,Q02,votable,4,2,1063,0.0,8.835,0.43291,0.505745,0.500994,53717.0,0.015,True
argus-local,argus,Q02,votable,4,3,1046,0.0,8.692,0.494067,0.508704,0.50356,53717.5,0.02,True
argus-local,argus,Q02,votable,8,1,1870,0.0,15.532,0.510891,0.545374,0.537178,53711.9,0.03,True
argus-local,argus,Q02,votable,8,2,1875,0.0,15.564,0.50919,0.54513,0.538908,53723.7,0.025,True
argus-local,argus,Q02,votable,8,3,1875,0.0,15.56,0.510539,0.538319,0.532365,53710.9,0.025,True
argus-local,argus,Q03,votable,1,1,4479,0.0,37.321,0.017037,0.084753,0.081734,36656.0,0.165,True
argus-local,argus,Q03,votable,1,2,4501,0.0,37.505,0.016892,0.084626,0.081694,36713.3,0.17,True
argus-local,argus,Q03,votable,1,3,4504,0.0,37.508,0.016971,0.084587,0.081649,36699.6,0.165,True
argus-local,argus,Q03,votable,16,1,28525,0.0,237.563,0.049699,0.176384,0.166784,36767.2,0.29,True
argus-local,argus,Q03,votable,16,2,28686,0.0,238.835,0.049472,0.177456,0.167306,36826.8,0.28,True
argus-local,argus,Q03,votable,16,3,28914,0.0,240.748,0.04936,0.175448,0.166688,36775.9,0.29,True
argus-local,argus,Q03,votable,32,1,27704,0.0,230.419,0.118238,0.248385,0.237075,36763.5,0.28,True
argus-local,argus,Q03,votable,32,2,28988,0.0,241.226,0.117624,0.243788,0.234711,36832.8,0.305,True
argus-local,argus,Q03,votable,32,3,28847,0.0,240.151,0.117904,0.246027,0.237294,36756.3,0.29,True
argus-local,argus,Q03,votable,4,1,14822,0.0,121.384,0.021239,0.098609,0.094987,36783.3,0.16,True
argus-local,argus,Q03,votable,4,2,14560,0.0,121.318,0.021245,0.098673,0.09464,36822.1,0.165,True
argus-local,argus,Q03,votable,4,3,15044,0.0,125.334,0.021233,0.098386,0.094622,36797.7,0.155,True
argus-local,argus,Q03,votable,8,1,23352,0.0,194.486,0.028703,0.119006,0.113298,36753.9,0.225,True
argus-local,argus,Q03,votable,8,2,23380,0.0,194.716,0.028724,0.118994,0.112909,36817.0,0.235,True
argus-local,argus,Q03,votable,8,3,23427,0.0,195.112,0.028641,0.119008,0.113161,36735.3,0.245,True
argus-local,argus,Q04,votable,1,1,5423,0.0,45.186,0.021904,0.025763,0.020123,82211.5,0.21,True
argus-local,argus,Q04,votable,1,2,5434,0.0,45.276,0.021888,0.025795,0.020138,82209.0,0.205,True
argus-local,argus,Q04,votable,1,3,5388,0.0,44.893,0.022077,0.02589,0.02015,82190.1,0.21,True
argus-local,argus,Q04,votable,16,1,33393,0.0,278.159,0.056812,0.07295,0.056369,82199.9,0.37,True
argus-local,argus,Q04,votable,16,2,33218,0.0,276.709,0.056752,0.073972,0.056763,82199.2,0.375,True
argus-local,argus,Q04,votable,16,3,33171,0.0,276.319,0.0571,0.073723,0.056869,82195.0,0.375,True
argus-local,argus,Q04,votable,32,1,32912,0.0,274.071,0.116145,0.13508,0.118496,82199.5,0.375,True
argus-local,argus,Q04,votable,32,2,33220,0.0,276.599,0.11518,0.133468,0.117306,82198.7,0.375,True
argus-local,argus,Q04,votable,32,3,32942,0.0,274.329,0.11611,0.134761,0.118277,82195.2,0.367,True
argus-local,argus,Q04,votable,4,1,17169,0.0,143.04,0.027496,0.033586,0.026062,82196.7,0.19,True
argus-local,argus,Q04,votable,4,2,17018,0.0,141.797,0.027617,0.033824,0.02627,82201.9,0.195,True
argus-local,argus,Q04,votable,4,3,17154,0.0,142.914,0.027439,0.033521,0.025966,82199.6,0.205,True
argus-local,argus,Q04,votable,8,1,25077,0.0,208.908,0.035805,0.044808,0.034246,82203.2,0.285,True
argus-local,argus,Q04,votable,8,2,26507,0.0,220.845,0.035825,0.044316,0.034089,82199.9,0.28,True
argus-local,argus,Q04,votable,8,3,26340,0.0,219.447,0.035771,0.044547,0.034119,82195.2,0.3,True
argus-local,argus,Q05,votable,1,1,283,0.0,2.353,0.424052,0.441205,0.438422,7733.7,0.015,True
argus-local,argus,Q05,votable,1,2,284,0.0,2.362,0.422938,0.439322,0.43636,8238.7,0.015,True
argus-local,argus,Q05,votable,1,3,283,0.0,2.357,0.422656,0.442598,0.439837,8145.6,0.015,True
argus-local,argus,Q05,votable,16,1,1771,0.0,14.641,1.09294,1.179114,1.1723,8124.3,0.03,True
argus-local,argus,Q05,votable,16,2,1775,0.0,14.666,1.090936,1.189419,1.183553,8364.1,0.03,True
argus-local,argus,Q05,votable,16,3,1770,0.0,14.63,1.092161,1.154773,1.148644,8218.1,0.025,True
argus-local,argus,Q05,votable,32,1,1784,0.0,14.623,2.186376,2.27772,2.271245,8123.5,0.035,True
argus-local,argus,Q05,votable,32,2,1780,0.0,14.588,2.191582,2.274372,2.269556,8381.4,0.05,True
argus-local,argus,Q05,votable,32,3,1786,0.0,14.642,2.185116,2.262662,2.256008,8214.7,0.035,True
argus-local,argus,Q05,votable,4,1,1046,0.0,8.69,0.435137,0.555645,0.552809,8030.0,0.035,True
argus-local,argus,Q05,votable,4,2,1116,0.0,9.269,0.430596,0.447758,0.443697,8190.8,0.035,True
argus-local,argus,Q05,votable,4,3,949,0.0,7.892,0.51342,0.522053,0.518099,8131.9,0.015,True
argus-local,argus,Q05,votable,8,1,1731,0.0,14.366,0.555474,0.580759,0.577082,8104.4,0.03,True
argus-local,argus,Q05,votable,8,2,1725,0.0,14.311,0.556893,0.584729,0.579513,8339.7,0.03,True
argus-local,argus,Q05,votable,8,3,1732,0.0,14.376,0.555707,0.58371,0.579407,8221.8,0.02,True
argus-local,argus,Q06,votable,1,1,284,0.0,2.364,0.427135,0.443304,0.437753,98105.5,0.02,True
argus-local,argus,Q06,votable,1,2,287,0.0,2.384,0.425887,0.441295,0.435565,100267.5,0.02,True
argus-local,argus,Q06,votable,1,3,285,0.0,2.37,0.427265,0.444772,0.439315,90881.7,0.02,True
argus-local,argus,Q06,votable,16,1,1768,0.0,14.61,1.105547,1.179955,1.171511,97725.9,0.03,True
argus-local,argus,Q06,votable,16,2,1759,0.0,14.544,1.108648,1.178575,1.167995,98425.1,0.03,True
argus-local,argus,Q06,votable,16,3,1773,0.0,14.681,1.100017,1.185088,1.175995,95900.0,0.03,True
argus-local,argus,Q06,votable,32,1,1785,0.0,14.647,2.197341,2.29582,2.284116,97431.5,0.04,True
argus-local,argus,Q06,votable,32,2,1784,0.0,14.62,2.199585,2.297174,2.286893,98376.8,0.04,True
argus-local,argus,Q06,votable,32,3,1789,0.0,14.668,2.193831,2.289045,2.280457,95982.1,0.055,True
argus-local,argus,Q06,votable,4,1,1012,0.0,8.408,0.446845,0.553228,0.546533,99125.2,0.02,True
argus-local,argus,Q06,votable,4,2,1016,0.0,8.445,0.444604,0.553132,0.546499,96610.3,0.02,True
argus-local,argus,Q06,votable,4,3,1119,0.0,9.302,0.433471,0.45627,0.44822,95498.0,0.02,True
argus-local,argus,Q06,votable,8,1,1727,0.0,14.341,0.564147,0.600658,0.591784,98335.5,0.03,True
argus-local,argus,Q06,votable,8,2,1719,0.0,14.286,0.56503,0.604575,0.596167,98502.3,0.03,True
argus-local,argus,Q06,votable,8,3,1725,0.0,14.329,0.5657,0.599975,0.591786,96578.4,0.03,True
argus-local,argus,Q07,votable,1,1,398,0.0,3.316,0.348971,0.423318,0.419162,28513.0,0.02,True
argus-local,argus,Q07,votable,1,2,383,0.0,3.184,0.351616,0.431664,0.427319,30167.2,0.02,True
argus-local,argus,Q07,votable,1,3,382,0.0,3.174,0.355116,0.427209,0.421804,30217.5,0.025,True
argus-local,argus,Q07,votable,16,1,2518,0.0,20.871,0.797464,0.966893,0.95952,30064.7,0.04,True
argus-local,argus,Q07,votable,16,2,2526,0.0,20.923,0.796754,0.967771,0.961296,29984.8,0.04,True
argus-local,argus,Q07,votable,16,3,2520,0.0,20.895,0.797586,0.980679,0.974146,30208.6,0.03,True
argus-local,argus,Q07,votable,32,1,2537,0.0,20.896,1.549327,1.762108,1.754749,30087.1,0.04,True
argus-local,argus,Q07,votable,32,2,2497,0.0,20.545,1.544899,1.839218,1.769845,30058.5,0.035,True
argus-local,argus,Q07,votable,32,3,2533,0.0,20.831,1.551351,1.786545,1.78037,30202.6,0.04,True
argus-local,argus,Q07,votable,4,1,1433,0.0,11.908,0.370641,0.486691,0.482922,29745.7,0.02,True
argus-local,argus,Q07,votable,4,2,1428,0.0,11.878,0.369278,0.487337,0.483065,29564.7,0.02,True
argus-local,argus,Q07,votable,4,3,1470,0.0,12.21,0.363586,0.460893,0.456208,29435.1,0.025,True
argus-local,argus,Q07,votable,8,1,2431,0.0,20.188,0.444669,0.559014,0.551982,30100.3,0.03,True
argus-local,argus,Q07,votable,8,2,2421,0.0,20.105,0.442257,0.559056,0.550798,29894.4,0.035,True
argus-local,argus,Q07,votable,8,3,2426,0.0,20.175,0.44281,0.559522,0.551197,30255.2,0.04,True
argus-local,argus,Q10,votable,1,1,3354,0.0,27.948,0.035408,0.04062,0.021567,396865.9,0.285,True
argus-local,argus,Q10,votable,1,2,3347,0.0,27.886,0.035356,0.040667,0.021479,396918.7,0.28,True
argus-local,argus,Q10,votable,1,3,3365,0.0,28.038,0.035295,0.040471,0.021274,396990.5,0.28,True
argus-local,argus,Q10,votable,16,1,17892,0.0,148.998,0.106203,0.135393,0.085941,396942.5,0.455,True
argus-local,argus,Q10,votable,16,2,17856,0.0,148.708,0.106278,0.134792,0.085633,396965.3,0.435,True
argus-local,argus,Q10,votable,16,3,17887,0.0,148.999,0.10632,0.135219,0.085943,396966.2,0.435,True
argus-local,argus,Q10,votable,32,1,17611,0.0,146.498,0.216899,0.246832,0.200032,396944.5,0.435,True
argus-local,argus,Q10,votable,32,2,17562,0.0,146.106,0.217674,0.249642,0.202089,396966.4,0.425,True
argus-local,argus,Q10,votable,32,3,17600,0.0,146.424,0.217607,0.247407,0.200838,396968.2,0.43,True
argus-local,argus,Q10,votable,4,1,10044,0.0,83.678,0.044576,0.054357,0.02848,396911.3,0.265,True
argus-local,argus,Q10,votable,4,2,10453,0.0,87.091,0.044528,0.054305,0.028442,396933.8,0.27,True
argus-local,argus,Q10,votable,4,3,10116,0.0,84.28,0.046353,0.056708,0.030767,397045.8,0.265,True
argus-local,argus,Q10,votable,8,1,15654,0.0,130.406,0.059363,0.074869,0.038813,396935.0,0.4,True
argus-local,argus,Q10,votable,8,2,15345,0.0,127.837,0.059632,0.075066,0.038998,396969.0,0.385,True
argus-local,argus,Q10,votable,8,3,15559,0.0,129.61,0.059914,0.075824,0.039421,397002.4,0.399,True
argus-local,argus,Q11,votable,1,1,541,0.0,4.507,0.221296,0.235373,0.019877,3958768.5,0.33,True
argus-local,argus,Q11,votable,1,2,542,0.0,4.513,0.22069,0.234094,0.019908,3956621.6,0.33,True
argus-local,argus,Q11,votable,1,3,541,0.0,4.506,0.221185,0.233463,0.019961,3957720.1,0.335,True
argus-local,argus,Q11,votable,16,1,2608,0.0,21.61,0.737985,0.84003,0.454412,3958953.9,0.5,True
argus-local,argus,Q11,votable,16,2,2611,0.0,21.632,0.738966,0.836569,0.44956,3958333.2,0.51,True
argus-local,argus,Q11,votable,16,3,2610,0.0,21.637,0.737567,0.841287,0.45363,3957865.2,0.505,True
argus-local,argus,Q11,votable,32,1,2630,0.0,21.681,1.472852,1.579219,1.201841,3959086.3,0.52,True
argus-local,argus,Q11,votable,32,2,2623,0.0,21.606,1.476031,1.579635,1.20712,3958327.2,0.53,True
argus-local,argus,Q11,votable,32,3,2631,0.0,21.686,1.474687,1.577953,1.203348,3957883.8,0.534,True
argus-local,argus,Q11,votable,4,1,1757,0.0,14.619,0.272171,0.30743,0.029707,3958441.8,0.34,True
argus-local,argus,Q11,votable,4,2,1764,0.0,14.671,0.271326,0.307339,0.029686,3958344.2,0.34,True
argus-local,argus,Q11,votable,4,3,1755,0.0,14.605,0.27378,0.309316,0.029451,3958194.6,0.335,True
argus-local,argus,Q11,votable,8,1,2435,0.0,20.24,0.37661,0.448017,0.044475,3958933.0,0.48,True
argus-local,argus,Q11,votable,8,2,2550,0.0,21.203,0.375906,0.437602,0.043783,3958503.1,0.495,True
argus-local,argus,Q11,votable,8,3,2541,0.0,21.119,0.376909,0.439939,0.044234,3957978.0,0.48,True
argus-local,argus,Q12,votable,1,1,283,0.0,2.356,0.423682,0.439721,0.436921,3182.0,0.015,True
argus-local,argus,Q12,votable,1,2,283,0.0,2.352,0.424535,0.440817,0.437062,3181.9,0.015,True
argus-local,argus,Q12,votable,1,3,284,0.0,2.364,0.422504,0.439981,0.437109,3181.9,0.015,True
argus-local,argus,Q12,votable,16,1,1776,0.0,14.675,1.093717,1.170719,1.165284,3181.8,0.025,True
argus-local,argus,Q12,votable,16,2,1721,0.0,14.219,1.080564,1.242736,1.165698,3181.9,0.03,True
argus-local,argus,Q12,votable,16,3,1780,0.0,14.713,1.089792,1.146754,1.142718,3181.9,0.03,True
argus-local,argus,Q12,votable,32,1,1799,0.0,14.763,2.170945,2.269355,2.263444,3181.8,0.03,True
argus-local,argus,Q12,votable,32,2,1789,0.0,14.646,2.185901,2.271861,2.265864,3181.9,0.05,True
argus-local,argus,Q12,votable,32,3,1799,0.0,14.745,2.168896,2.262595,2.256898,3181.9,0.05,True
argus-local,argus,Q12,votable,4,1,1012,0.0,8.406,0.441662,0.547816,0.544417,3181.9,0.015,True
argus-local,argus,Q12,votable,4,2,1020,0.0,8.473,0.438057,0.549749,0.546625,3181.9,0.02,True
argus-local,argus,Q12,votable,4,3,1120,0.0,9.308,0.427758,0.447548,0.44423,3181.9,0.02,True
argus-local,argus,Q12,votable,8,1,1739,0.0,14.43,0.553244,0.581591,0.577573,3181.8,0.02,True
argus-local,argus,Q12,votable,8,2,1743,0.0,14.463,0.552473,0.579762,0.575477,3181.9,0.03,True
argus-local,argus,Q12,votable,8,3,1740,0.0,14.458,0.553077,0.578833,0.575046,3181.9,0.025,True
argus-local,argus,Q13,votable,1,1,324,0.0,2.698,0.375255,0.421104,0.418708,5211.8,0.015,True
argus-local,argus,Q13,votable,1,2,325,0.0,2.701,0.376306,0.419567,0.416341,5212.4,0.015,True
argus-local,argus,Q13,votable,1,3,324,0.0,2.693,0.37477,0.422685,0.420113,5211.0,0.015,True
argus-local,argus,Q13,votable,16,1,2126,0.0,17.573,0.907581,1.042989,1.03727,5211.3,0.025,True
argus-local,argus,Q13,votable,16,2,2116,0.0,17.51,0.909641,1.050632,1.045635,5211.3,0.025,True
argus-local,argus,Q13,votable,16,3,2105,0.0,17.416,0.913968,1.06129,1.055747,5211.3,0.03,True
argus-local,argus,Q13,votable,32,1,2133,0.0,17.514,1.810973,2.155572,1.971391,5211.3,0.035,True
argus-local,argus,Q13,votable,32,2,2128,0.0,17.476,1.828387,1.989933,1.983049,5211.3,0.04,True
argus-local,argus,Q13,votable,32,3,2141,0.0,17.605,1.81276,1.985692,1.981732,5211.2,0.04,True
argus-local,argus,Q13,votable,4,1,1173,0.0,9.745,0.399311,0.527338,0.524053,5211.3,0.015,True
argus-local,argus,Q13,votable,4,2,1223,0.0,10.161,0.389626,0.482428,0.478646,5210.9,0.015,True
argus-local,argus,Q13,votable,4,3,1193,0.0,9.914,0.394635,0.517681,0.514023,5210.7,0.015,True
argus-local,argus,Q13,votable,8,1,2046,0.0,16.988,0.462438,0.557816,0.553001,5211.2,0.025,True
argus-local,argus,Q13,votable,8,2,2046,0.0,16.993,0.46642,0.55397,0.54922,5211.4,0.025,True
argus-local,argus,Q13,votable,8,3,2045,0.0,16.982,0.467626,0.556829,0.551741,5211.2,0.025,True
argus-local,argus,mix,votable,1,1,447,0.0,3.716,0.403511,0.433165,0.428698,52902.6,0.035,True
argus-local,argus,mix,votable,1,2,470,0.0,3.905,0.392297,0.425833,0.421449,59776.3,0.04,True
argus-local,argus,mix,votable,1,3,482,0.0,4.007,0.389412,0.42744,0.423194,67216.9,0.035,True
argus-local,argus,mix,votable,16,1,2969,0.0,24.653,0.718317,1.00912,1.001049,59779.5,0.06,True
argus-local,argus,mix,votable,16,2,2949,0.0,24.426,0.730525,1.000696,0.994795,57628.2,0.05,True
argus-local,argus,mix,votable,16,3,2977,0.0,24.665,0.712503,1.007904,1.000741,62482.8,0.05,True
argus-local,argus,mix,votable,32,1,2975,0.0,24.567,1.342195,1.705947,1.700306,59943.6,0.06,True
argus-local,argus,mix,votable,32,2,2970,0.0,24.523,1.351186,1.714117,1.707759,57879.6,0.05,True
argus-local,argus,mix,votable,32,3,2990,0.0,24.632,1.344231,1.692922,1.685022,62780.4,0.055,True
argus-local,argus,mix,votable,4,1,1706,0.0,14.187,0.408461,0.522243,0.518568,59943.4,0.05,True
argus-local,argus,mix,votable,4,2,1654,0.0,13.736,0.411736,0.528846,0.525571,59686.2,0.035,True
argus-local,argus,mix,votable,4,3,1693,0.0,14.065,0.408271,0.527678,0.523507,62065.5,0.04,True
argus-local,argus,mix,votable,8,1,2839,0.0,23.577,0.504129,0.57916,0.572929,59335.9,0.06,True
argus-local,argus,mix,votable,8,2,2861,0.0,23.749,0.501804,0.575536,0.569371,57584.2,0.05,True
argus-local,argus,mix,votable,8,3,2870,0.0,23.843,0.500849,0.574714,0.56831,62664.0,0.05,True
egernia-local-equalcpu,egernia,Q01,csv,1,1,20113,0.0,167.606,0.005623,0.007664,0.007144,1835.0,0.285,True
egernia-local-equalcpu,egernia,Q01,csv,1,2,20213,0.0,168.435,0.005641,0.00746,0.006943,1835.0,0.29,True
egernia-local-equalcpu,egernia,Q01,csv,1,3,20192,0.0,168.263,0.00563,0.007511,0.00699,1835.0,0.28,True
egernia-local-equalcpu,egernia,Q01,csv,16,1,80940,0.0,674.403,0.021184,0.046262,0.043798,1835.0,0.465,True
egernia-local-equalcpu,egernia,Q01,csv,16,2,83076,0.0,692.184,0.021168,0.039346,0.037304,1835.0,0.445,True
egernia-local-equalcpu,egernia,Q01,csv,16,3,97515,0.0,812.493,0.016831,0.041506,0.039088,1835.0,0.5,True
egernia-local-equalcpu,egernia,Q01,csv,32,1,91435,0.0,761.741,0.036397,0.086709,0.081327,1835.0,0.47,True
egernia-local-equalcpu,egernia,Q01,csv,32,2,83452,0.0,695.25,0.044492,0.074339,0.070077,1835.0,0.39,True
egernia-local-equalcpu,egernia,Q01,csv,32,3,91796,0.0,764.771,0.038725,0.082382,0.076972,1835.0,0.495,True
egernia-local-equalcpu,egernia,Q01,csv,4,1,41151,0.0,342.908,0.012592,0.018574,0.017516,1835.0,0.27,True
egernia-local-equalcpu,egernia,Q01,csv,4,2,55507,0.0,462.538,0.007928,0.012869,0.011998,1835.0,0.27,True
egernia-local-equalcpu,egernia,Q01,csv,4,3,55242,0.0,460.303,0.007923,0.013007,0.012129,1835.0,0.275,True
egernia-local-equalcpu,egernia,Q01,csv,8,1,81512,0.0,679.207,0.011705,0.017018,0.015908,1835.0,0.38,True
egernia-local-equalcpu,egernia,Q01,csv,8,2,69378,0.0,578.123,0.011237,0.027198,0.025751,1835.0,0.375,True
egernia-local-equalcpu,egernia,Q01,csv,8,3,79925,0.0,666.0,0.0107,0.020666,0.019463,1835.0,0.43,True
egernia-local-equalcpu,egernia,Q02,csv,1,1,7843,0.0,65.352,0.01441,0.022127,0.021456,38405.6,0.135,True
egernia-local-equalcpu,egernia,Q02,csv,1,2,7863,0.0,65.519,0.014422,0.021216,0.020531,38413.9,0.13,True
egernia-local-equalcpu,egernia,Q02,csv,1,3,7828,0.0,65.226,0.014416,0.021835,0.021143,38402.1,0.13,True
egernia-local-equalcpu,egernia,Q02,csv,16,1,38151,0.0,317.83,0.048492,0.074561,0.071893,38407.6,0.19,True
egernia-local-equalcpu,egernia,Q02,csv,16,2,36924,0.0,307.611,0.05007,0.078321,0.075141,38410.3,0.185,True
egernia-local-equalcpu,egernia,Q02,csv,16,3,36637,0.0,305.24,0.05053,0.079356,0.076179,38407.8,0.195,True
egernia-local-equalcpu,egernia,Q02,csv,32,1,39347,0.0,327.666,0.090612,0.16787,0.159689,38406.1,0.21,True
egernia-local-equalcpu,egernia,Q02,csv,32,2,38369,0.0,319.536,0.095292,0.17168,0.163892,38410.3,0.22,True
egernia-local-equalcpu,egernia,Q02,csv,32,3,39330,0.0,327.532,0.084051,0.188142,0.179904,38408.6,0.225,True
egernia-local-equalcpu,egernia,Q02,csv,4,1,22106,0.0,184.202,0.020673,0.031775,0.030836,38406.4,0.115,True
egernia-local-equalcpu,egernia,Q02,csv,4,2,22128,0.0,184.372,0.020679,0.031347,0.030494,38409.2,0.105,True
egernia-local-equalcpu,egernia,Q02,csv,4,3,20273,0.0,168.92,0.022829,0.03429,0.033074,38407.4,0.11,True
egernia-local-equalcpu,egernia,Q02,csv,8,1,29865,0.0,248.814,0.030856,0.0476,0.046025,38407.9,0.155,True
egernia-local-equalcpu,egernia,Q02,csv,8,2,30715,0.0,255.901,0.030119,0.045163,0.043843,38409.7,0.165,True
egernia-local-equalcpu,egernia,Q02,csv,8,3,31716,0.0,264.256,0.029159,0.043585,0.042281,38406.8,0.153,True
egernia-local-equalcpu,egernia,Q03,csv,1,1,4149,0.0,34.572,0.012578,0.12389,0.123356,25597.3,0.095,True
egernia-local-equalcpu,egernia,Q03,csv,1,2,4206,0.0,35.048,0.012631,0.123404,0.122938,25710.1,0.095,True
egernia-local-equalcpu,egernia,Q03,csv,1,3,4224,0.0,35.184,0.012337,0.123553,0.123048,25629.5,0.09,True
egernia-local-equalcpu,egernia,Q03,csv,16,1,22787,0.0,189.657,0.044696,0.344785,0.342913,25650.0,0.14,True
egernia-local-equalcpu,egernia,Q03,csv,16,2,22626,0.0,188.207,0.047096,0.337324,0.33565,25686.7,0.135,True
egernia-local-equalcpu,egernia,Q03,csv,16,3,22691,0.0,188.797,0.046135,0.338138,0.335952,25648.7,0.14,True
egernia-local-equalcpu,egernia,Q03,csv,32,1,23128,0.0,192.228,0.079419,0.716757,0.715117,25623.0,0.145,True
egernia-local-equalcpu,egernia,Q03,csv,32,2,23330,0.0,193.77,0.081102,0.726284,0.723315,25704.9,0.145,True
egernia-local-equalcpu,egernia,Q03,csv,32,3,23071,0.0,191.771,0.083368,0.72407,0.722105,25622.6,0.135,True
egernia-local-equalcpu,egernia,Q03,csv,4,1,13183,0.0,109.794,0.017259,0.155425,0.154779,25665.9,0.09,True
egernia-local-equalcpu,egernia,Q03,csv,4,2,13195,0.0,109.869,0.017387,0.155314,0.154663,25698.9,0.085,True
egernia-local-equalcpu,egernia,Q03,csv,4,3,12843,0.0,106.909,0.018275,0.156818,0.156112,25661.9,0.085,True
egernia-local-equalcpu,egernia,Q03,csv,8,1,19844,0.0,165.168,0.025585,0.191786,0.190776,25626.0,0.115,True
egernia-local-equalcpu,egernia,Q03,csv,8,2,19945,0.0,166.004,0.025924,0.189481,0.188483,25705.5,0.12,True
egernia-local-equalcpu,egernia,Q03,csv,8,3,19427,0.0,161.717,0.026609,0.195538,0.194494,25678.0,0.11,True
egernia-local-equalcpu,egernia,Q04,csv,1,1,5609,0.0,46.737,0.020912,0.025212,0.024587,60012.9,0.105,True
egernia-local-equalcpu,egernia,Q04,csv,1,2,5621,0.0,46.841,0.02089,0.024787,0.024205,60012.0,0.11,True
egernia-local-equalcpu,egernia,Q04,csv,1,3,5654,0.0,47.111,0.020818,0.024434,0.023926,60022.2,0.1,True
egernia-local-equalcpu,egernia,Q04,csv,16,1,28683,0.0,238.944,0.064946,0.09625,0.092828,60019.8,0.15,True
egernia-local-equalcpu,egernia,Q04,csv,16,2,29637,0.0,246.885,0.06339,0.088312,0.085843,60015.3,0.16,True
egernia-local-equalcpu,egernia,Q04,csv,16,3,29154,0.0,242.858,0.06402,0.092366,0.089331,60021.7,0.155,True
egernia-local-equalcpu,egernia,Q04,csv,32,1,30422,0.0,253.301,0.114856,0.214025,0.206474,60016.7,0.175,True
egernia-local-equalcpu,egernia,Q04,csv,32,2,31038,0.0,258.448,0.120055,0.186487,0.180096,60019.0,0.18,True
egernia-local-equalcpu,egernia,Q04,csv,32,3,31120,0.0,259.175,0.119616,0.185671,0.178859,60018.1,0.165,True
egernia-local-equalcpu,egernia,Q04,csv,4,1,16026,0.0,133.526,0.029366,0.038387,0.037182,60018.4,0.105,True
egernia-local-equalcpu,egernia,Q04,csv,4,2,17059,0.0,142.132,0.027503,0.035518,0.034559,60020.0,0.09,True
egernia-local-equalcpu,egernia,Q04,csv,4,3,17433,0.0,145.25,0.026939,0.033964,0.032929,60014.8,0.09,True
egernia-local-equalcpu,egernia,Q04,csv,8,1,23231,0.0,193.523,0.040302,0.055171,0.053438,60020.5,0.12,True
egernia-local-equalcpu,egernia,Q04,csv,8,2,23693,0.0,197.303,0.039785,0.053543,0.051823,60019.9,0.124,True
egernia-local-equalcpu,egernia,Q04,csv,8,3,23281,0.0,193.959,0.040436,0.053771,0.052168,60016.8,0.115,True
egernia-local-equalcpu,egernia,Q05,csv,1,1,12244,0.0,102.025,0.009391,0.012462,0.0119,3860.3,0.185,True
egernia-local-equalcpu,egernia,Q05,csv,1,2,12449,0.0,103.736,0.009356,0.011755,0.011251,3885.1,0.185,True
egernia-local-equalcpu,egernia,Q05,csv,1,3,12245,0.0,102.04,0.009381,0.012484,0.011922,3889.5,0.195,True
egernia-local-equalcpu,egernia,Q05,csv,16,1,58445,0.0,486.96,0.030535,0.054615,0.051491,3890.3,0.3,True
egernia-local-equalcpu,egernia,Q05,csv,16,2,56710,0.0,472.469,0.030217,0.060422,0.057039,3859.7,0.28,True
egernia-local-equalcpu,egernia,Q05,csv,16,3,56343,0.0,469.427,0.028242,0.067665,0.063951,3854.8,0.315,True
egernia-local-equalcpu,egernia,Q05,csv,32,1,59863,0.0,498.643,0.051393,0.131247,0.123849,3889.8,0.35,True
egernia-local-equalcpu,egernia,Q05,csv,32,2,61544,0.0,512.651,0.061838,0.101639,0.095999,3862.8,0.305,True
egernia-local-equalcpu,egernia,Q05,csv,32,3,58808,0.0,489.877,0.064459,0.113961,0.107286,3872.2,0.33,True
egernia-local-equalcpu,egernia,Q05,csv,4,1,34088,0.0,284.037,0.013521,0.019619,0.018632,3914.3,0.17,True
egernia-local-equalcpu,egernia,Q05,csv,4,2,31536,0.0,262.771,0.014708,0.020218,0.019233,3859.4,0.145,True
egernia-local-equalcpu,egernia,Q05,csv,4,3,31552,0.0,262.903,0.014713,0.020283,0.019278,3861.7,0.14,True
egernia-local-equalcpu,egernia,Q05,csv,8,1,46613,0.0,388.394,0.019878,0.030031,0.028612,3907.6,0.22,True
egernia-local-equalcpu,egernia,Q05,csv,8,2,48361,0.0,402.956,0.019002,0.029848,0.028387,3850.7,0.24,True
egernia-local-equalcpu,egernia,Q05,csv,8,3,36777,0.0,306.412,0.025449,0.035467,0.033891,3862.3,0.175,True
egernia-local-equalcpu,egernia,Q06,csv,1,1,6830,0.0,56.907,0.017364,0.02327,0.022425,71902.4,0.13,True
egernia-local-equalcpu,egernia,Q06,csv,1,2,6856,0.0,57.129,0.017299,0.023353,0.022443,71369.4,0.12,True
egernia-local-equalcpu,egernia,Q06,csv,1,3,6867,0.0,57.218,0.017214,0.023198,0.022375,70664.5,0.125,True
egernia-local-equalcpu,egernia,Q06,csv,16,1,34246,0.0,285.298,0.054304,0.084595,0.079081,71572.0,0.185,True
egernia-local-equalcpu,egernia,Q06,csv,16,2,34527,0.0,287.63,0.053708,0.084748,0.079268,71096.1,0.19,True
egernia-local-equalcpu,egernia,Q06,csv,16,3,33288,0.0,277.297,0.054469,0.094958,0.087957,71159.3,0.195,True
egernia-local-equalcpu,egernia,Q06,csv,32,1,33144,0.0,275.981,0.086976,0.247595,0.233254,71664.6,0.25,True
egernia-local-equalcpu,egernia,Q06,csv,32,2,35919,0.0,299.15,0.102483,0.175758,0.162668,71150.7,0.225,True
egernia-local-equalcpu,egernia,Q06,csv,32,3,35737,0.0,297.601,0.102534,0.182383,0.168043,71235.5,0.22,True
egernia-local-equalcpu,egernia,Q06,csv,4,1,20128,0.0,167.713,0.023383,0.032892,0.031424,71638.4,0.105,True
egernia-local-equalcpu,egernia,Q06,csv,4,2,18871,0.0,157.224,0.024828,0.036017,0.034101,71182.0,0.125,True
egernia-local-equalcpu,egernia,Q06,csv,4,3,19817,0.0,165.117,0.023743,0.033215,0.031579,71009.5,0.1,True
egernia-local-equalcpu,egernia,Q06,csv,8,1,27371,0.0,228.03,0.033945,0.052403,0.049537,71615.0,0.155,True
egernia-local-equalcpu,egernia,Q06,csv,8,2,27508,0.0,229.2,0.034029,0.0496,0.04687,71219.5,0.15,True
egernia-local-equalcpu,egernia,Q06,csv,8,3,26291,0.0,219.034,0.034919,0.058042,0.054297,71182.7,0.165,True
egernia-local-equalcpu,egernia,Q07,csv,1,1,9386,0.0,78.213,0.012741,0.017297,0.016771,20009.8,0.15,True
egernia-local-equalcpu,egernia,Q07,csv,1,2,9351,0.0,77.918,0.012771,0.017609,0.017104,20200.7,0.155,True
egernia-local-equalcpu,egernia,Q07,csv,1,3,9332,0.0,77.761,0.012822,0.017492,0.017004,20177.8,0.15,True
egernia-local-equalcpu,egernia,Q07,csv,16,1,42233,0.0,351.845,0.040483,0.082642,0.07848,20181.7,0.28,True
egernia-local-equalcpu,egernia,Q07,csv,16,2,44069,0.0,367.122,0.04011,0.076216,0.072442,20180.4,0.225,True
egernia-local-equalcpu,egernia,Q07,csv,16,3,44352,0.0,369.523,0.041282,0.069247,0.065956,20201.0,0.22,True
egernia-local-equalcpu,egernia,Q07,csv,32,1,49268,0.0,410.313,0.072038,0.136311,0.129182,20166.0,0.27,True
egernia-local-equalcpu,egernia,Q07,csv,32,2,49664,0.0,413.646,0.073058,0.129413,0.122578,20156.7,0.265,True
egernia-local-equalcpu,egernia,Q07,csv,32,3,48634,0.0,404.846,0.07386,0.133198,0.126109,20155.7,0.255,True
egernia-local-equalcpu,egernia,Q07,csv,4,1,27233,0.0,226.931,0.017199,0.02511,0.024212,20088.0,0.135,True
egernia-local-equalcpu,egernia,Q07,csv,4,2,27847,0.0,232.032,0.016918,0.02432,0.023476,20069.0,0.13,True
egernia-local-equalcpu,egernia,Q07,csv,4,3,26736,0.0,222.778,0.017566,0.025541,0.024632,20194.3,0.135,True
egernia-local-equalcpu,egernia,Q07,csv,8,1,35789,0.0,298.17,0.025803,0.040656,0.038954,20099.3,0.185,True
egernia-local-equalcpu,egernia,Q07,csv,8,2,37387,0.0,311.506,0.024983,0.037559,0.036117,20131.9,0.19,True
egernia-local-equalcpu,egernia,Q07,csv,8,3,34645,0.0,288.662,0.027036,0.041166,0.039514,20178.5,0.175,True
egernia-local-equalcpu,egernia,Q10,csv,1,1,3701,0.0,30.841,0.03174,0.037861,0.036117,298466.5,0.1,True
egernia-local-equalcpu,egernia,Q10,csv,1,2,3724,0.0,31.026,0.03161,0.037172,0.035704,298527.8,0.095,True
egernia-local-equalcpu,egernia,Q10,csv,1,3,3745,0.0,31.204,0.031417,0.036938,0.035276,298576.8,0.09,True
egernia-local-equalcpu,egernia,Q10,csv,16,1,17750,0.0,147.823,0.105842,0.152777,0.143817,298549.4,0.13,True
egernia-local-equalcpu,egernia,Q10,csv,16,2,17502,0.0,145.764,0.106795,0.157023,0.144211,298572.0,0.14,True
egernia-local-equalcpu,egernia,Q10,csv,16,3,17653,0.0,147.026,0.106263,0.155788,0.143426,298573.5,0.125,True
egernia-local-equalcpu,egernia,Q10,csv,32,1,17735,0.0,147.637,0.213293,0.317621,0.298129,298543.2,0.135,True
egernia-local-equalcpu,egernia,Q10,csv,32,2,17726,0.0,147.574,0.209119,0.337197,0.310595,298566.7,0.135,True
egernia-local-equalcpu,egernia,Q10,csv,32,3,17640,0.0,146.84,0.214627,0.318692,0.29862,298569.2,0.135,True
egernia-local-equalcpu,egernia,Q10,csv,4,1,10990,0.0,91.558,0.04296,0.055496,0.052632,298542.8,0.08,True
egernia-local-equalcpu,egernia,Q10,csv,4,2,11255,0.0,93.775,0.042192,0.053521,0.051128,298544.3,0.075,True
egernia-local-equalcpu,egernia,Q10,csv,4,3,10772,0.0,89.75,0.043935,0.056288,0.052989,298632.8,0.09,True
egernia-local-equalcpu,egernia,Q10,csv,8,1,14791,0.0,123.207,0.063433,0.08813,0.081696,298544.4,0.12,True
egernia-local-equalcpu,egernia,Q10,csv,8,2,15359,0.0,127.951,0.061296,0.083034,0.077671,298564.1,0.12,True
egernia-local-equalcpu,egernia,Q10,csv,8,3,14882,0.0,123.969,0.062996,0.087336,0.080894,298621.4,0.11,True
egernia-local-equalcpu,egernia,Q11,csv,1,1,358,0.0,2.98,0.332283,0.396253,0.379743,2995892.2,0.04,True
egernia-local-equalcpu,egernia,Q11,csv,1,2,353,0.0,2.869,0.342192,0.405792,0.393893,2994761.5,0.04,True
egernia-local-equalcpu,egernia,Q11,csv,1,3,354,0.0,2.946,0.340951,0.399888,0.388122,2996337.1,0.04,True
egernia-local-equalcpu,egernia,Q11,csv,16,1,2109,0.0,17.502,0.906749,1.384887,1.307092,2995851.6,0.09,True
egernia-local-equalcpu,egernia,Q11,csv,16,2,2160,0.0,17.891,0.881922,1.360612,1.302174,2995695.3,0.075,True
egernia-local-equalcpu,egernia,Q11,csv,16,3,2129,0.0,17.707,0.886025,1.374769,1.297984,2995311.0,0.085,True
egernia-local-equalcpu,egernia,Q11,csv,32,1,2268,0.0,18.733,1.748531,2.411278,2.253464,2996035.6,0.095,True
egernia-local-equalcpu,egernia,Q11,csv,32,2,2174,0.0,17.926,1.653021,3.270262,3.020615,2996058.8,0.095,True
egernia-local-equalcpu,egernia,Q11,csv,32,3,2283,0.0,18.79,1.74435,2.410868,2.314706,2995426.0,0.1,True
egernia-local-equalcpu,egernia,Q11,csv,4,1,1162,0.0,9.664,0.388971,0.615813,0.575839,2995223.5,0.045,True
egernia-local-equalcpu,egernia,Q11,csv,4,2,1270,0.0,10.571,0.368416,0.489761,0.474666,2995813.7,0.045,True
egernia-local-equalcpu,egernia,Q11,csv,4,3,1230,0.0,10.235,0.369363,0.547141,0.526497,2996690.6,0.04,True
egernia-local-equalcpu,egernia,Q11,csv,8,1,1879,0.0,15.598,0.491525,0.762859,0.711512,2995584.3,0.075,True
egernia-local-equalcpu,egernia,Q11,csv,8,2,1902,0.0,15.83,0.485091,0.720184,0.676709,2995413.5,0.07,True
egernia-local-equalcpu,egernia,Q11,csv,8,3,1930,0.0,16.018,0.482704,0.683555,0.651215,2995336.0,0.075,True
egernia-local-equalcpu,egernia,Q12,csv,1,1,12954,0.0,107.949,0.008817,0.011777,0.011226,109.0,0.195,True
egernia-local-equalcpu,egernia,Q12,csv,1,2,13011,0.0,108.424,0.008839,0.011384,0.010853,109.0,0.2,True
egernia-local-equalcpu,egernia,Q12,csv,1,3,13028,0.0,108.567,0.008837,0.01137,0.01083,109.0,0.2,True
egernia-local-equalcpu,egernia,Q12,csv,16,1,61254,0.0,510.362,0.030083,0.049067,0.046296,109.0,0.31,True
egernia-local-equalcpu,egernia,Q12,csv,16,2,57240,0.0,476.887,0.030904,0.058729,0.055474,109.0,0.345,True
egernia-local-equalcpu,egernia,Q12,csv,16,3,61328,0.0,510.972,0.030044,0.049155,0.046423,109.0,0.305,True
egernia-local-equalcpu,egernia,Q12,csv,32,1,60272,0.0,502.059,0.057063,0.122966,0.11622,109.0,0.345,True
egernia-local-equalcpu,egernia,Q12,csv,32,2,63784,0.0,531.392,0.052897,0.111323,0.104894,109.0,0.3,True
egernia-local-equalcpu,egernia,Q12,csv,32,3,63300,0.0,527.296,0.059734,0.096832,0.091323,109.0,0.31,True
egernia-local-equalcpu,egernia,Q12,csv,4,1,38092,0.0,317.404,0.012166,0.016812,0.015943,109.0,0.17,True
egernia-local-equalcpu,egernia,Q12,csv,4,2,35264,0.0,293.84,0.013082,0.019046,0.018066,109.0,0.175,True
egernia-local-equalcpu,egernia,Q12,csv,4,3,35617,0.0,296.779,0.012951,0.018724,0.017796,109.0,0.17,True
egernia-local-equalcpu,egernia,Q12,csv,8,1,47003,0.0,391.652,0.018824,0.033079,0.031408,109.0,0.24,True
egernia-local-equalcpu,egernia,Q12,csv,8,2,43503,0.0,362.467,0.021757,0.032912,0.031279,109.0,0.215,True
egernia-local-equalcpu,egernia,Q12,csv,8,3,38109,0.0,317.538,0.024546,0.034183,0.032536,109.0,0.165,True
egernia-local-equalcpu,egernia,Q13,csv,1,1,503,0.0,4.182,0.2331,0.3279,0.327122,2265.2,0.02,True
egernia-local-equalcpu,egernia,Q13,csv,1,2,506,0.0,4.209,0.23608,0.327063,0.326556,2265.7,0.015,True
egernia-local-equalcpu,egernia,Q13,csv,1,3,511,0.0,4.25,0.231257,0.325602,0.325144,2264.6,0.015,True
egernia-local-equalcpu,egernia,Q13,csv,16,1,1163,0.0,9.611,1.67522,2.238095,2.237256,2264.5,0.015,True
egernia-local-equalcpu,egernia,Q13,csv,16,2,1181,0.0,9.783,1.609924,2.241466,2.240998,2264.0,0.015,True
egernia-local-equalcpu,egernia,Q13,csv,16,3,1187,0.0,9.821,1.604992,2.214084,2.212362,2263.7,0.015,True
egernia-local-equalcpu,egernia,Q13,csv,32,1,1177,0.0,9.635,3.275565,4.893499,4.893026,2264.5,0.02,True
egernia-local-equalcpu,egernia,Q13,csv,32,2,1177,0.0,9.651,3.271253,4.422932,4.422359,2264.0,0.015,True
egernia-local-equalcpu,egernia,Q13,csv,32,3,1183,0.0,9.692,3.265071,4.527949,4.527344,2263.6,0.015,True
egernia-local-equalcpu,egernia,Q13,csv,4,1,1147,0.0,9.536,0.418735,0.56852,0.566783,2264.5,0.015,True
egernia-local-equalcpu,egernia,Q13,csv,4,2,1154,0.0,9.591,0.415301,0.560149,0.559186,2264.2,0.015,True
egernia-local-equalcpu,egernia,Q13,csv,4,3,1163,0.0,9.662,0.410431,0.560467,0.56,2263.5,0.015,True
egernia-local-equalcpu,egernia,Q13,csv,8,1,1173,0.0,9.726,0.821229,1.104718,1.103987,2264.3,0.015,True
egernia-local-equalcpu,egernia,Q13,csv,8,2,1171,0.0,9.707,0.819708,1.112123,1.111525,2264.1,0.015,True
egernia-local-equalcpu,egernia,Q13,csv,8,3,1171,0.0,9.711,0.82264,1.113493,1.113006,2263.6,0.015,True
egernia-local-equalcpu,egernia,mix,csv,1,1,6977,0.0,58.124,0.013334,0.031521,0.030204,43280.9,0.125,True
egernia-local-equalcpu,egernia,mix,csv,1,2,6902,0.0,57.516,0.013224,0.031477,0.030174,41927.3,0.13,True
egernia-local-equalcpu,egernia,mix,csv,1,3,6975,0.0,58.115,0.013266,0.031807,0.030462,43657.1,0.13,True
egernia-local-equalcpu,egernia,mix,csv,16,1,35546,0.0,295.951,0.0456,0.099916,0.093588,43174.9,0.195,True
egernia-local-equalcpu,egernia,mix,csv,16,2,31978,0.0,266.195,0.052003,0.119203,0.109515,42376.7,0.215,True
egernia-local-equalcpu,egernia,mix,csv,16,3,35965,0.0,299.608,0.04481,0.097303,0.091497,42764.1,0.195,True
egernia-local-equalcpu,egernia,mix,csv,32,1,37297,0.0,310.508,0.081498,0.216625,0.200692,43114.3,0.23,True
egernia-local-equalcpu,egernia,mix,csv,32,2,37028,0.0,308.316,0.090506,0.189777,0.175776,42489.7,0.2,True
egernia-local-equalcpu,egernia,mix,csv,32,3,37376,0.0,311.034,0.087278,0.190841,0.178999,42485.3,0.205,True
egernia-local-equalcpu,egernia,mix,csv,4,1,20732,0.0,172.731,0.018799,0.041715,0.03966,43132.9,0.13,True
egernia-local-equalcpu,egernia,mix,csv,4,2,20509,0.0,170.767,0.018483,0.042784,0.040699,42622.0,0.125,True
egernia-local-equalcpu,egernia,mix,csv,4,3,20072,0.0,167.246,0.019221,0.043464,0.040851,42630.7,0.115,True
egernia-local-equalcpu,egernia,mix,csv,8,1,29852,0.0,248.731,0.026721,0.057921,0.054685,43081.9,0.145,True
egernia-local-equalcpu,egernia,mix,csv,8,2,27814,0.0,231.528,0.028916,0.061562,0.057984,42661.6,0.15,True
egernia-local-equalcpu,egernia,mix,csv,8,3,28282,0.0,235.564,0.02874,0.060488,0.056571,42871.5,0.16,True
egernia-local-equalcpu,egernia,Q01,votable,1,1,19858,0.0,165.481,0.0057,0.007736,0.00717,2682.0,0.29,True
egernia-local-equalcpu,egernia,Q01,votable,1,2,19995,0.0,166.62,0.005698,0.007549,0.007026,2682.0,0.285,True
egernia-local-equalcpu,egernia,Q01,votable,1,3,20027,0.0,166.888,0.005721,0.007539,0.00702,2682.0,0.285,True
egernia-local-equalcpu,egernia,Q01,votable,16,1,95563,0.0,796.273,0.018418,0.035654,0.033374,2682.0,0.465,True
egernia-local-equalcpu,egernia,Q01,votable,16,2,96638,0.0,805.231,0.018225,0.035298,0.032963,2682.0,0.52,True
egernia-local-equalcpu,egernia,Q01,votable,16,3,93489,0.0,778.984,0.019052,0.034834,0.032611,2682.0,0.52,True
egernia-local-equalcpu,egernia,Q01,votable,32,1,88133,0.0,734.172,0.029578,0.114347,0.10748,2682.0,0.495,True
egernia-local-equalcpu,egernia,Q01,votable,32,2,91428,0.0,761.726,0.031748,0.094972,0.089099,2682.0,0.58,True
egernia-local-equalcpu,egernia,Q01,votable,32,3,90511,0.0,754.098,0.040456,0.081318,0.075892,2682.0,0.49,True
egernia-local-equalcpu,egernia,Q01,votable,4,1,41124,0.0,342.665,0.012639,0.018409,0.017331,2682.0,0.265,True
egernia-local-equalcpu,egernia,Q01,votable,4,2,54510,0.0,454.228,0.00801,0.013154,0.012274,2682.0,0.27,True
egernia-local-equalcpu,egernia,Q01,votable,4,3,55198,0.0,459.952,0.007967,0.012929,0.012067,2682.0,0.27,True
egernia-local-equalcpu,egernia,Q01,votable,8,1,68887,0.0,573.982,0.014609,0.022229,0.02098,2682.0,0.335,True
egernia-local-equalcpu,egernia,Q01,votable,8,2,68569,0.0,571.338,0.011509,0.027248,0.02576,2682.0,0.37,True
egernia-local-equalcpu,egernia,Q01,votable,8,3,69267,0.0,577.157,0.014491,0.022209,0.020943,2682.0,0.345,True
egernia-local-equalcpu,egernia,Q02,votable,1,1,7608,0.0,63.395,0.01489,0.022105,0.021451,52519.7,0.135,True
egernia-local-equalcpu,egernia,Q02,votable,1,2,7620,0.0,63.498,0.014873,0.021872,0.021203,52527.6,0.125,True
egernia-local-equalcpu,egernia,Q02,votable,1,3,7734,0.0,64.441,0.014653,0.022005,0.021359,52515.1,0.13,True
egernia-local-equalcpu,egernia,Q02,votable,16,1,37383,0.0,311.394,0.049429,0.076662,0.073939,52519.9,0.185,True
egernia-local-equalcpu,egernia,Q02,votable,16,2,37518,0.0,312.553,0.049406,0.075244,0.072763,52523.2,0.185,True
egernia-local-equalcpu,egernia,Q02,votable,16,3,35633,0.0,296.65,0.051602,0.08351,0.080224,52521.0,0.18,True
egernia-local-equalcpu,egernia,Q02,votable,32,1,37689,0.0,313.924,0.09793,0.164687,0.157719,52520.8,0.2,True
egernia-local-equalcpu,egernia,Q02,votable,32,2,38338,0.0,319.338,0.09581,0.161234,0.154414,52522.7,0.2,True
egernia-local-equalcpu,egernia,Q02,votable,32,3,38154,0.0,317.785,0.093136,0.173797,0.16569,52520.4,0.195,True
egernia-local-equalcpu,egernia,Q02,votable,4,1,21713,0.0,180.921,0.021045,0.032105,0.031191,52519.9,0.12,True
egernia-local-equalcpu,egernia,Q02,votable,4,2,21978,0.0,183.105,0.02085,0.031284,0.03034,52521.9,0.11,True
egernia-local-equalcpu,egernia,Q02,votable,4,3,20210,0.0,168.385,0.022973,0.033784,0.032693,52522.5,0.11,True
egernia-local-equalcpu,egernia,Q02,votable,8,1,28937,0.0,241.088,0.0319,0.048419,0.046595,52520.3,0.15,True
egernia-local-equalcpu,egernia,Q02,votable,8,2,27961,0.0,232.949,0.032883,0.053174,0.051141,52524.4,0.16,True
egernia-local-equalcpu,egernia,Q02,votable,8,3,28128,0.0,234.356,0.032915,0.049871,0.04819,52521.4,0.15,True
egernia-local-equalcpu,egernia,Q03,votable,1,1,4086,0.0,34.049,0.01291,0.125413,0.124908,35659.2,0.085,True
egernia-local-equalcpu,egernia,Q03,votable,1,2,4152,0.0,34.574,0.012854,0.125616,0.125036,35766.8,0.085,True
egernia-local-equalcpu,egernia,Q03,votable,1,3,4106,0.0,34.187,0.012875,0.125226,0.124742,35638.4,0.085,True
egernia-local-equalcpu,egernia,Q03,votable,16,1,22241,0.0,184.994,0.048104,0.340849,0.339367,35677.2,0.14,True
egernia-local-equalcpu,egernia,Q03,votable,16,2,22353,0.0,186.055,0.045495,0.355987,0.354549,35731.9,0.155,True
egernia-local-equalcpu,egernia,Q03,votable,16,3,22655,0.0,188.481,0.044478,0.35466,0.353291,35666.5,0.12,True
egernia-local-equalcpu,egernia,Q03,votable,32,1,22677,0.0,188.454,0.077741,0.776692,0.774706,35643.1,0.145,True
egernia-local-equalcpu,egernia,Q03,votable,32,2,22860,0.0,189.963,0.074286,0.805304,0.803992,35718.6,0.13,True
egernia-local-equalcpu,egernia,Q03,votable,32,3,22735,0.0,188.826,0.083257,0.748903,0.745945,35666.3,0.145,True
egernia-local-equalcpu,egernia,Q03,votable,4,1,12514,0.0,104.274,0.018915,0.159331,0.158723,35721.4,0.085,True
egernia-local-equalcpu,egernia,Q03,votable,4,2,13258,0.0,110.364,0.017017,0.155785,0.155099,35716.2,0.1,True
egernia-local-equalcpu,egernia,Q03,votable,4,3,13158,0.0,109.571,0.017269,0.156103,0.155416,35716.3,0.095,True
egernia-local-equalcpu,egernia,Q03,votable,8,1,19229,0.0,160.146,0.026709,0.19697,0.195976,35648.0,0.12,True
egernia-local-equalcpu,egernia,Q03,votable,8,2,19590,0.0,163.06,0.026205,0.196438,0.195619,35772.5,0.12,True
egernia-local-equalcpu,egernia,Q03,votable,8,3,19701,0.0,163.974,0.026362,0.189402,0.188504,35718.7,0.12,True
egernia-local-equalcpu,egernia,Q04,votable,1,1,5424,0.0,45.198,0.021718,0.02542,0.024612,81041.4,0.11,True
egernia-local-equalcpu,egernia,Q04,votable,1,2,5425,0.0,45.204,0.021606,0.026061,0.025111,81033.0,0.1,True
egernia-local-equalcpu,egernia,Q04,votable,1,3,5433,0.0,45.271,0.021697,0.025453,0.0247,81047.3,0.105,True
egernia-local-equalcpu,egernia,Q04,votable,16,1,27887,0.0,232.292,0.066757,0.099494,0.093379,81040.9,0.165,True
egernia-local-equalcpu,egernia,Q04,votable,16,2,27821,0.0,231.79,0.066269,0.101078,0.094707,81040.0,0.16,True
egernia-local-equalcpu,egernia,Q04,votable,16,3,24895,0.0,207.343,0.076578,0.107063,0.100087,81040.9,0.155,True
egernia-local-equalcpu,egernia,Q04,votable,32,1,29591,0.0,246.406,0.122578,0.208931,0.194935,81033.4,0.19,True
egernia-local-equalcpu,egernia,Q04,votable,32,2,29741,0.0,247.682,0.123142,0.204857,0.191215,81035.3,0.185,True
egernia-local-equalcpu,egernia,Q04,votable,32,3,29757,0.0,247.839,0.125722,0.192641,0.180979,81042.3,0.17,True
egernia-local-equalcpu,egernia,Q04,votable,4,1,16568,0.0,138.051,0.028297,0.036368,0.035038,81042.7,0.09,True
egernia-local-equalcpu,egernia,Q04,votable,4,2,16763,0.0,139.671,0.027938,0.036162,0.034671,81031.9,0.095,True
egernia-local-equalcpu,egernia,Q04,votable,4,3,16532,0.0,137.737,0.028493,0.035638,0.034121,81034.8,0.09,True
egernia-local-equalcpu,egernia,Q04,votable,8,1,21979,0.0,183.11,0.042728,0.057993,0.055157,81046.0,0.13,True
egernia-local-equalcpu,egernia,Q04,votable,8,2,22987,0.0,191.519,0.04089,0.055125,0.052491,81040.5,0.125,True
egernia-local-equalcpu,egernia,Q04,votable,8,3,23539,0.0,196.109,0.040033,0.052745,0.050497,81044.3,0.135,True
egernia-local-equalcpu,egernia,Q05,votable,1,1,11776,0.0,98.129,0.009761,0.012812,0.012261,6908.8,0.18,True
egernia-local-equalcpu,egernia,Q05,votable,1,2,12053,0.0,100.438,0.009552,0.012617,0.012054,6918.2,0.185,True
egernia-local-equalcpu,egernia,Q05,votable,1,3,12096,0.0,100.793,0.009563,0.012298,0.01178,6958.4,0.185,True
egernia-local-equalcpu,egernia,Q05,votable,16,1,52561,0.0,437.895,0.035552,0.059298,0.05614,6975.8,0.295,True
egernia-local-equalcpu,egernia,Q05,votable,16,2,58073,0.0,483.837,0.03181,0.050423,0.047663,6913.2,0.284,True
egernia-local-equalcpu,egernia,Q05,votable,16,3,53760,0.0,447.917,0.034746,0.054696,0.051781,6926.2,0.265,True
egernia-local-equalcpu,egernia,Q05,votable,32,1,57917,0.0,482.387,0.046949,0.142054,0.134457,6922.7,0.42,True
egernia-local-equalcpu,egernia,Q05,votable,32,2,58678,0.0,488.818,0.063712,0.113378,0.107212,6916.5,0.295,True
egernia-local-equalcpu,egernia,Q05,votable,32,3,60541,0.0,504.32,0.053484,0.126711,0.119559,6922.2,0.32,True
egernia-local-equalcpu,egernia,Q05,votable,4,1,30641,0.0,255.308,0.015136,0.020896,0.01987,6966.1,0.145,True
egernia-local-equalcpu,egernia,Q05,votable,4,2,28685,0.0,239.01,0.016468,0.024208,0.023107,6875.4,0.175,True
egernia-local-equalcpu,egernia,Q05,votable,4,3,30749,0.0,256.217,0.015065,0.020901,0.019833,6903.4,0.145,True
egernia-local-equalcpu,egernia,Q05,votable,8,1,43938,0.0,366.108,0.020246,0.035324,0.033569,6963.3,0.225,True
egernia-local-equalcpu,egernia,Q05,votable,8,2,45901,0.0,382.445,0.018684,0.035167,0.033474,6926.1,0.245,True
egernia-local-equalcpu,egernia,Q05,votable,8,3,36453,0.0,303.713,0.026579,0.046541,0.044374,6923.8,0.275,True
egernia-local-equalcpu,egernia,Q06,votable,1,1,6558,0.0,54.645,0.018112,0.024741,0.023732,96624.6,0.125,True
egernia-local-equalcpu,egernia,Q06,votable,1,2,6624,0.0,55.192,0.017901,0.024344,0.023369,95976.3,0.12,True
egernia-local-equalcpu,egernia,Q06,votable,1,3,6605,0.0,55.039,0.017904,0.024507,0.02339,95069.1,0.125,True
egernia-local-equalcpu,egernia,Q06,votable,16,1,31709,0.0,264.13,0.055151,0.105362,0.095698,96375.6,0.21,True
egernia-local-equalcpu,egernia,Q06,votable,16,2,27343,0.0,227.72,0.061083,0.133052,0.12105,96078.8,0.235,True
egernia-local-equalcpu,egernia,Q06,votable,16,3,33567,0.0,279.625,0.055104,0.087546,0.081058,95756.5,0.195,True
egernia-local-equalcpu,egernia,Q06,votable,32,1,34655,0.0,288.607,0.099732,0.204263,0.185013,96045.1,0.22,True
egernia-local-equalcpu,egernia,Q06,votable,32,2,32748,0.0,272.707,0.114908,0.193599,0.175765,95740.2,0.21,True
egernia-local-equalcpu,egernia,Q06,votable,32,3,34621,0.0,288.353,0.10513,0.186773,0.170642,95856.9,0.2,True
egernia-local-equalcpu,egernia,Q06,votable,4,1,19336,0.0,161.095,0.024273,0.034736,0.03291,96460.0,0.105,True
egernia-local-equalcpu,egernia,Q06,votable,4,2,20111,0.0,167.565,0.023327,0.033428,0.031873,95685.3,0.125,True
egernia-local-equalcpu,egernia,Q06,votable,4,3,18590,0.0,154.881,0.025206,0.036372,0.034162,95560.0,0.11,True
egernia-local-equalcpu,egernia,Q06,votable,8,1,23755,0.0,197.909,0.03931,0.059443,0.055034,96335.0,0.145,True
egernia-local-equalcpu,egernia,Q06,votable,8,2,26696,0.0,222.404,0.034788,0.054429,0.050886,95903.8,0.155,True
egernia-local-equalcpu,egernia,Q06,votable,8,3,23983,0.0,199.784,0.038913,0.059082,0.055021,95660.8,0.145,True
egernia-local-equalcpu,egernia,Q07,votable,1,1,9201,0.0,76.667,0.012975,0.01792,0.017309,28174.6,0.15,True
egernia-local-equalcpu,egernia,Q07,votable,1,2,9179,0.0,76.484,0.013016,0.017893,0.017276,28451.2,0.15,True
egernia-local-equalcpu,egernia,Q07,votable,1,3,9168,0.0,76.39,0.012991,0.018056,0.017474,28453.9,0.145,True
egernia-local-equalcpu,egernia,Q07,votable,16,1,44251,0.0,368.651,0.042294,0.064465,0.061299,28383.3,0.22,True
egernia-local-equalcpu,egernia,Q07,votable,16,2,43825,0.0,365.086,0.042512,0.066353,0.063138,28376.4,0.22,True
egernia-local-equalcpu,egernia,Q07,votable,16,3,43007,0.0,358.283,0.040806,0.077069,0.072761,28463.3,0.235,True
egernia-local-equalcpu,egernia,Q07,votable,32,1,48423,0.0,403.335,0.075325,0.129192,0.121793,28450.6,0.26,True
egernia-local-equalcpu,egernia,Q07,votable,32,2,48909,0.0,407.417,0.075232,0.126814,0.119357,28379.0,0.255,True
egernia-local-equalcpu,egernia,Q07,votable,32,3,46520,0.0,387.481,0.07121,0.170816,0.161358,28512.3,0.275,True
egernia-local-equalcpu,egernia,Q07,votable,4,1,25879,0.0,215.633,0.018101,0.026662,0.025595,28338.1,0.14,True
egernia-local-equalcpu,egernia,Q07,votable,4,2,25959,0.0,216.311,0.018067,0.026597,0.025553,28302.3,0.13,True
egernia-local-equalcpu,egernia,Q07,votable,4,3,26529,0.0,221.056,0.017708,0.025648,0.024628,28435.4,0.13,True
egernia-local-equalcpu,egernia,Q07,votable,8,1,34081,0.0,283.975,0.027424,0.041655,0.039789,28358.9,0.17,True
egernia-local-equalcpu,egernia,Q07,votable,8,2,35826,0.0,298.498,0.025801,0.041407,0.039533,28415.4,0.185,True
egernia-local-equalcpu,egernia,Q07,votable,8,3,33779,0.0,281.447,0.027642,0.042341,0.040494,28518.7,0.175,True
egernia-local-equalcpu,egernia,Q10,votable,1,1,3462,0.0,28.85,0.03392,0.040316,0.037807,396220.4,0.095,True
egernia-local-equalcpu,egernia,Q10,votable,1,2,3461,0.0,28.838,0.03387,0.040785,0.03851,396280.9,0.09,True
egernia-local-equalcpu,egernia,Q10,votable,1,3,3462,0.0,28.843,0.033937,0.040693,0.038053,396351.1,0.09,True
egernia-local-equalcpu,egernia,Q10,votable,16,1,16108,0.0,134.124,0.116101,0.170464,0.155856,396302.0,0.13,True
egernia-local-equalcpu,egernia,Q10,votable,16,2,16321,0.0,135.919,0.114778,0.165799,0.154341,396325.2,0.13,True
egernia-local-equalcpu,egernia,Q10,votable,16,3,16225,0.0,135.12,0.116086,0.165291,0.151837,396338.4,0.135,True
egernia-local-equalcpu,egernia,Q10,votable,32,1,16160,0.0,134.494,0.235171,0.342797,0.299879,396305.2,0.155,True
egernia-local-equalcpu,egernia,Q10,votable,32,2,16072,0.0,133.779,0.243007,0.367514,0.311502,396316.6,0.165,True
egernia-local-equalcpu,egernia,Q10,votable,32,3,16218,0.0,134.975,0.235527,0.342617,0.325258,396346.9,0.15,True
egernia-local-equalcpu,egernia,Q10,votable,4,1,9672,0.0,80.566,0.04877,0.064242,0.059017,396288.4,0.09,True
egernia-local-equalcpu,egernia,Q10,votable,4,2,10088,0.0,84.03,0.046888,0.060715,0.057049,396293.0,0.095,True
egernia-local-equalcpu,egernia,Q10,votable,4,3,10078,0.0,83.955,0.04698,0.061054,0.057311,396398.5,0.08,True
egernia-local-equalcpu,egernia,Q10,votable,8,1,13454,0.0,112.072,0.070108,0.096339,0.087523,396294.5,0.115,True
egernia-local-equalcpu,egernia,Q10,votable,8,2,14090,0.0,117.362,0.066748,0.090755,0.083603,396323.2,0.11,True
egernia-local-equalcpu,egernia,Q10,votable,8,3,14282,0.0,118.959,0.065814,0.089313,0.083641,396383.9,0.11,True
egernia-local-equalcpu,egernia,Q11,votable,1,1,212,0.0,1.764,0.585718,0.660344,0.642718,3956911.4,0.035,True
egernia-local-equalcpu,egernia,Q11,votable,1,2,216,0.0,1.798,0.58225,0.646755,0.632395,3957400.6,0.035,True
egernia-local-equalcpu,egernia,Q11,votable,1,3,213,0.0,1.773,0.602499,0.659965,0.644517,3959259.8,0.035,True
egernia-local-equalcpu,egernia,Q11,votable,16,1,1965,0.0,16.288,0.978878,1.445701,1.380087,3957033.9,0.09,True
egernia-local-equalcpu,egernia,Q11,votable,16,2,1950,0.0,16.207,0.980712,1.51804,1.413693,3956730.9,0.095,True
egernia-local-equalcpu,egernia,Q11,votable,16,3,1936,0.0,16.049,0.988209,1.535947,1.429217,3956665.3,0.095,True
egernia-local-equalcpu,egernia,Q11,votable,32,1,2083,0.0,17.164,1.892608,2.619908,2.49875,3957155.8,0.115,True
egernia-local-equalcpu,egernia,Q11,votable,32,2,2065,0.0,17.022,1.855493,2.805611,2.664886,3957227.4,0.12,True
egernia-local-equalcpu,egernia,Q11,votable,32,3,2087,0.0,17.29,1.86504,2.570764,2.423709,3956522.8,0.115,True
egernia-local-equalcpu,egernia,Q11,votable,4,1,1050,0.0,8.736,0.452451,0.621389,0.590948,3956120.1,0.05,True
egernia-local-equalcpu,egernia,Q11,votable,4,2,1016,0.0,8.461,0.461335,0.640794,0.608931,3957027.9,0.05,True
egernia-local-equalcpu,egernia,Q11,votable,4,3,1061,0.0,8.815,0.435943,0.672232,0.631173,3958821.2,0.05,True
egernia-local-equalcpu,egernia,Q11,votable,8,1,1715,0.0,14.258,0.550789,0.787756,0.742061,3956862.6,0.08,True
egernia-local-equalcpu,egernia,Q11,votable,8,2,1769,0.0,14.704,0.527813,0.736941,0.689495,3956802.7,0.075,True
egernia-local-equalcpu,egernia,Q11,votable,8,3,1762,0.0,14.653,0.535312,0.730858,0.68065,3956702.0,0.08,True
egernia-local-equalcpu,egernia,Q12,votable,1,1,12708,0.0,105.896,0.008984,0.01187,0.011345,1943.0,0.19,True
egernia-local-equalcpu,egernia,Q12,votable,1,2,12858,0.0,107.146,0.008989,0.011451,0.010894,1943.0,0.2,True
egernia-local-equalcpu,egernia,Q12,votable,1,3,12791,0.0,106.586,0.008972,0.011607,0.011035,1943.0,0.19,True
egernia-local-equalcpu,egernia,Q12,votable,16,1,58448,0.0,486.941,0.029134,0.059392,0.056143,1943.0,0.315,True
egernia-local-equalcpu,egernia,Q12,votable,16,2,52676,0.0,438.864,0.036306,0.059069,0.056149,1943.0,0.245,True
egernia-local-equalcpu,egernia,Q12,votable,16,3,57789,0.0,481.476,0.030869,0.055447,0.052517,1943.0,0.3,True
egernia-local-equalcpu,egernia,Q12,votable,32,1,59179,0.0,492.934,0.058312,0.125267,0.118273,1943.0,0.295,True
egernia-local-equalcpu,egernia,Q12,votable,32,2,62112,0.0,517.441,0.055804,0.119505,0.112903,1943.0,0.355,True
egernia-local-equalcpu,egernia,Q12,votable,32,3,60646,0.0,505.185,0.05932,0.10815,0.102083,1943.0,0.3,True
egernia-local-equalcpu,egernia,Q12,votable,4,1,35697,0.0,297.459,0.012918,0.018755,0.017766,1943.0,0.175,True
egernia-local-equalcpu,egernia,Q12,votable,4,2,34703,0.0,289.15,0.013279,0.019351,0.018335,1943.0,0.165,True
egernia-local-equalcpu,egernia,Q12,votable,4,3,30195,0.0,251.606,0.01582,0.022924,0.021751,1943.0,0.17,True
egernia-local-equalcpu,egernia,Q12,votable,8,1,48418,0.0,403.437,0.019144,0.028648,0.027215,1943.0,0.235,True
egernia-local-equalcpu,egernia,Q12,votable,8,2,50150,0.0,417.831,0.018306,0.028629,0.027199,1943.0,0.255,True
egernia-local-equalcpu,egernia,Q12,votable,8,3,50063,0.0,417.134,0.018318,0.028704,0.027208,1943.0,0.245,True
egernia-local-equalcpu,egernia,Q13,votable,1,1,530,0.0,4.408,0.223593,0.313114,0.312639,4629.3,0.015,True
egernia-local-equalcpu,egernia,Q13,votable,1,2,537,0.0,4.474,0.223076,0.308863,0.308408,4629.5,0.015,True
egernia-local-equalcpu,egernia,Q13,votable,1,3,534,0.0,4.45,0.223537,0.312047,0.311127,4628.6,0.015,True
egernia-local-equalcpu,egernia,Q13,votable,16,1,1213,0.0,9.999,1.575793,2.193223,2.192594,4628.4,0.015,True
egernia-local-equalcpu,egernia,Q13,votable,16,2,1224,0.0,10.124,1.564767,2.148818,2.148276,4628.0,0.015,True
egernia-local-equalcpu,egernia,Q13,votable,16,3,1226,0.0,10.127,1.564539,2.184716,2.184241,4627.9,0.015,True
egernia-local-equalcpu,egernia,Q13,votable,32,1,1214,0.0,9.96,3.185599,4.303722,4.302951,4628.4,0.015,True
egernia-local-equalcpu,egernia,Q13,votable,32,2,1224,0.0,10.017,3.136945,4.489145,4.488667,4627.9,0.015,True
egernia-local-equalcpu,egernia,Q13,votable,32,3,1220,0.0,9.968,3.171231,4.289213,4.288323,4627.9,0.015,True
egernia-local-equalcpu,egernia,Q13,votable,4,1,1185,0.0,9.851,0.402367,0.546707,0.546242,4628.4,0.015,True
egernia-local-equalcpu,egernia,Q13,votable,4,2,1193,0.0,9.924,0.399051,0.53885,0.538228,4628.0,0.01,True
egernia-local-equalcpu,egernia,Q13,votable,4,3,1200,0.0,9.976,0.396271,0.551805,0.551328,4627.7,0.015,True
egernia-local-equalcpu,egernia,Q13,votable,8,1,1211,0.0,10.05,0.795986,1.073599,1.073144,4628.3,0.015,True
egernia-local-equalcpu,egernia,Q13,votable,8,2,1218,0.0,10.099,0.793074,1.069718,1.069266,4627.9,0.015,True
egernia-local-equalcpu,egernia,Q13,votable,8,3,1224,0.0,10.151,0.780208,1.071036,1.070594,4627.9,0.015,True
egernia-local-equalcpu,egernia,mix,votable,1,1,6731,0.0,56.088,0.013761,0.033353,0.031839,59034.4,0.13,True
egernia-local-equalcpu,egernia,mix,votable,1,2,6710,0.0,55.916,0.01356,0.033798,0.032258,57067.5,0.135,True
egernia-local-equalcpu,egernia,mix,votable,1,3,6827,0.0,56.888,0.013455,0.033512,0.032019,59035.6,0.13,True
egernia-local-equalcpu,egernia,mix,votable,16,1,33776,0.0,281.356,0.048498,0.105315,0.09625,58698.4,0.205,True
egernia-local-equalcpu,egernia,mix,votable,16,2,34314,0.0,285.733,0.047075,0.107674,0.098303,57977.7,0.195,True
egernia-local-equalcpu,egernia,mix,votable,16,3,34634,0.0,288.436,0.045936,0.104561,0.096682,58110.8,0.195,True
egernia-local-equalcpu,egernia,mix,votable,32,1,35097,0.0,292.08,0.082086,0.247056,0.226838,58592.5,0.215,True
egernia-local-equalcpu,egernia,mix,votable,32,2,36159,0.0,300.89,0.088178,0.208027,0.190522,58165.9,0.22,True
egernia-local-equalcpu,egernia,mix,votable,32,3,35623,0.0,296.619,0.089814,0.214941,0.194495,57925.5,0.205,True
egernia-local-equalcpu,egernia,mix,votable,4,1,21180,0.0,176.306,0.018076,0.042851,0.040389,58627.3,0.12,True
egernia-local-equalcpu,egernia,mix,votable,4,2,20838,0.0,173.614,0.017924,0.043983,0.041321,58127.0,0.13,True
egernia-local-equalcpu,egernia,mix,votable,4,3,20214,0.0,168.361,0.018918,0.04466,0.041766,58141.1,0.125,True
egernia-local-equalcpu,egernia,mix,votable,8,1,28387,0.0,236.353,0.028302,0.063215,0.058171,58490.1,0.155,True
egernia-local-equalcpu,egernia,mix,votable,8,2,29291,0.0,243.976,0.026771,0.061533,0.0572,58075.1,0.17,True
egernia-local-equalcpu,egernia,mix,votable,8,3,28219,0.0,234.912,0.028339,0.063608,0.058851,58605.0,0.165,True
